message,label
Aircraft is in Sport Mode. Exit this mode and try again,Normal
Data Recorder File Index is 4.,Normal
GPS Position Mismatch.,Medium
Obstacle Avoidance Disabled. Landing gear lowered. Obstacle Avoidance Disabled.,Normal
Strong Interference. Fly with caution.,Low
GPS Position Mismatch.,Medium
Landing.,Normal
Low Power. Aircraft is returning to the Home Point.,Medium
Propeller Fell Off. Motor idle. Check whether propellers are installed,High
High wind velocity. Fly with caution.,Medium
Precision Landing. Rectifying aircraft position.,Normal
Compass Error. Magnetic Filed Interference. Exit P-GPS Mode,Low
"Ambient Light too Weak, Forward obstacle sensing is unavailable. please ensure safety during the flight",Low
GPS Position Mismatch.,Medium
Landing Protection Activated. Aircraft will decelerate during landing.,Normal
GPS Position Mismatch.,Medium
APAS has been enabled,Normal
Taking Off.,Normal
Battery not installed properly. Return to home immediately. Check and re-install battery,High
Home Point Updated.,Normal
GPS Position Mismatch.,Medium
"Aircraft is in Attitude mode, so that it will not hover. Please fly with caution.",Low
High wind velocity. Fly with caution.,Medium
GPS Position Mismatch.,Medium
Home Point Recorded. RTH Altitude : 30m.,Normal
Aircraft is returning to the Home Point. Minimum RTH Altitude is30m. You can reset the RTH Altitude in Remote Controller Settings after cancelling RTH.,Normal
Obstacle Avoidance will be disabled in landing.,Normal
Aircraft close to Home Point. go home shifts to landing.,Normal
Home Point Updated.,Normal
Battery temperature too low. Fly with caution,Medium
Taking Off.,Normal
High wind velocity. Ensure the aircraft remains within your line of sight and fly with caution.,Medium
GPS Position Mismatch.,Medium
Strong Interference. Fly with caution.,Low
Landing Gear Raised.,Normal
Obstacle Avoidance will be disabled in landing.,Normal
Home Point Recorded. RTH Altitude : 30m.,Normal
Large Wind Velocity.,Medium
Remote controller assisted takeoff initiated.,Normal
Fly with caution and ensure the aircraft remains within your line of sight.,Normal
Maximum flight distance reached. Adjust the distance in MC Settings if required.,Low
GPS Position Mismatch.,Medium
Data Recorder File Index is 65.,Normal
GPS Position Mismatch.,Medium
Strong Interference Detected. Be careful when flying long distances.,Low
Large Wind Velocity. Fly with caution.,Medium
GPS Position Mismatch.,Medium
IMU warming up. Wait before taking off,Normal
Arrived at Start Point. Starting Waypoint Mission,Normal
GPS Position Mismatch.,Medium
"Aircraft will not enter S-mode if powered on with the remote controller set to S-mode. Please switch to Normal mode, then back to S-mode to enable it",Low
Fly with caution and ensure the aircraft remains within your line of sight.,Normal
"Aircraft is in Attitude mode, so that it will not hover. Please fly with caution.",Low
Precision Landing. Rectifying aircraft position.,Normal
Home Point recorded. Return-to-Home Altitude : 98FT,Normal
Maximum flight distance reached. Adjust the distance in MC Settings if required.,Low
GPS Position Mismatch.,Medium
GPS Position Mismatch.,Medium
Satellite positioning off. Fly with Caution.,Low
Home Point Recorded. RTH Altitude : 30m.,Normal
Landing Gear Lowered.,Normal
Motors Started.,Normal
Critical low battery. Aircraft in Auto Power Off Protection. Forced landing in progress,High
GPS Position Mismatch.,Medium
Landing Gear Paused.,Normal
SD card write speed is too slow. Not suitable for shooting a 4K video.,Low
GPS Position Mismatch.,Medium
Tap the screen to focus.,Normal
GPS Position Mismatch.,Medium
PalmControl in Process,Normal
Taking Off.,Normal
Return-to-Home Altitude : 98FT.,Normal
Strong Interference. Fly with caution.,Low
Precision Landing. Rectifying aircraft position.,Normal
GPS Position Mismatch.,Medium
Yaw Error.,Low
Home Point Recorded. RTH Altitude : 30m.,Normal
Motor is Blocked. Motor stuck. Check for objects blocking motor or contact DJI Support for assistance,Medium
Ambient light too low. Vision system and obstacle sensing unavailable. Fly with caution,Low
High wind velocity. Ensure the aircraft remains within your line of sight and fly with caution.,Medium
Gimbal calibrating,Normal
GPS Position Mismatch.,Medium
Battery nnn requires maintenance,Low
Downlink Lost.,Low
GPS Position Mismatch.,Medium
Locating Landing Point,Normal
GPS Position Mismatch.,Medium
Max Flight Distance Reached. Adjust in Main Controller Settings if necessary.,Low
In Flight.,Normal
"Aircraft is in Attitude mode, so that it will not hover. Please fly with caution.",Low
High wind velocity. Fly with caution.,Medium
Remote controller signal lost,Low
Landing Gear Raised.,Normal
Strong Interference to Remote Controller. Signal interruption maybe more likely. Fly with caution,Medium
Home Point recorded. Return-to-Home Altitude : 98FT,Normal
GPS Position Mismatch.,Medium
Motors Started.,Normal
Large Wind Velocity. Fly with caution.,Medium
Return-to-Home Altitude : 65FT,Normal
Strong wireless interference. Please fly with caution.,Low
Aircraft is too far away,Medium
"Home Point Recorded, Return-to-Home Altitude : 98FT",Normal
Entered Cruise Control mode. Press C1 or C2 to exit,Normal
Braking now! Return sticks to midpoints first.,Low
Taking Off.,Normal
GPS Position Mismatch.,Medium
Correcting Landing Position,Normal
Landing Canceled.,Normal
GPS Position Mismatch.,Medium
Strong Interference. Fly with caution.,Low
Low battery. Return to home promptly,Medium
Cannot Takeoff in Travel Mode. Exit Travel Mode.,Low
Fly with caution and ensure the aircraft remains within your line of sight.,Normal
GPS Position Mismatch.,Medium
GPS Position Mismatch.,Medium
GPS Position Mismatch.,Medium
Braking now! Return sticks to midpoints first.,Low
Backward Obstacle Sensing is not functioning.,Low
Max Flight Distance Reached. Adjust in Main Controller Settings if necessary.,Low
Tap the screen lightly to focus.,Normal
Compass Interference. Temp Max Altitude : 98ft,Low
CrystalSky is too hot. Cool down the monitor to prevent overheating,Medium
Data Recorder File Index is 46.,Normal
Fly with caution. Compass abnormal Solution: 1. Ensure there are no magnets or metal objects near the aircraft. The ground or walls may contain metal. Move away from sources of interference before,Low
GPS Position Mismatch.,Medium
Weak signal. Avoid blocking the antennas and keep the antennas parallel to and facing toward the aircraft during flight.,Medium
Landing.,Normal
GPS Position Mismatch.,Medium
Camera storage full,Medium
GPS Position Mismatch.,Medium
Maximum flight distance reached. Adjust the distance in MC Settings if required.,Low
Landing.,Normal
Landing Gear Raised.,Normal
GPS Position Mismatch.,Medium
GPS Position Mismatch.,Medium
Data Recorder File Index is 8.,Normal
Landing gear lowered. Obstacle Avoidance Disabled.,Normal
GPS Position Mismatch.,Medium
GPS Position Mismatch.,Medium
Landing Gear Lowered.,Normal
Landing Canceled.,Normal
Aircraft ActiveTrack max speed of nnn and Obstacle Avoidance functions normally,Medium
Strong Interference. Fly with caution.,Low
GPS Position Mismatch.,Medium
GPS Position Mismatch.,Medium
Obstacle Avoidance will be disabled in landing.,Normal
GPS Position Mismatch.,Medium
Ground Plain. Safe to Land.,Normal
Subject lost. Searching ...,Low
Data Recorder File Index is 46.,Normal
Exited Hyperlapse mode,Normal
Taking Off.,Normal
Taking Off.,Normal
Home Point Updated.,Normal
GPS Position Mismatch.,Medium
Home Point Updated.,Normal
Subject lost. Searching ...,Low
GPS Position Mismatch.,Medium
Landing gear lowered. Obstacle Avoidance Disabled.,Normal
Take off in P-Mode,Normal
Aircraft Core Board Overheated,High
Video cache has stopped because there is not enough storage space. You can enable Auto Cache Clear or manually delete cache to get enough space,Low
Critical low battery. Aircraft landing automatically,Medium
GPS Position Mismatch.,Medium
GPS Position Mismatch.,Medium
Precision Landing. Correcting Landing Position.,Normal
Intelligent Flight Modes have not been enabled. Enable this option in Main Controller Settings if needed.,Normal
Taking off.,Normal
GPS Position Mismatch.,Medium
GPS Position Mismatch.,Medium
Obstacle Sensing will be disabled when aircraft is landing. Fly with caution.,Normal
High wind velocity. Ensure the aircraft remains within your line of sight and fly with caution.,Medium
GPS Position Mismatch.,Medium
Sensing system is blocked or too close to the obstacle.,Low
"Cannot switch flight mode. Turn on ""Multiple Flight Modes"" to enable Atti and Sport Modes.",Medium
Taking Off.,Normal
Aircraft flight control obtained by remote controller B,Normal
Critically Low Voltage. Aircraft will land,Medium
Strong Interference Detected. Be careful when flying long distances.,Low
GPS Position Mismatch.,Medium
GPS Position Mismatch.,Medium
Weak signal. Avoid blocking the antennas and keep the antennas parallel to and facing toward the aircraft during flight.,Medium
Home Point Updated.,Normal
Flight Mode Set to Attitude,Normal
Right Dial Locked. Lightly press to adjust.,Low
Intelligent Flight Modes have not been enabled. Enable this option in Main Controller Settings if needed.,Normal
Command Timeout,Medium
Weak signal. Avoid blocking the antennas and keep the antennas parallel to and facing toward the aircraft during flight.,Medium
GPS Position Mismatch.,Medium
Intelligent Flight Modes have not been enabled. Enable this option in Main Controller Settings if needed.,Normal
"Exit Backward Forward Downward Upward Sensing system, Ambient Light is too weak",Low
Strong wireless interference. Please fly with caution.,Low
Data Recorder File Index is 19.,Normal
Data Recorder File Index is 3.,Normal
Yaw Error.,Low
"Aircraft is in Attitude mode, so that it will not hover. Please fly with caution.",Low
GPS Position Mismatch.,Medium
Aircraft flight control obtained by remote controller UNKNOWN,Normal
Home Point recorded. Return-to-Home Altitude : 98FT,Normal
Landing Gear Raised.,Normal
Attitude is too large.,Low
GPS Position Mismatch.,Medium
GPS Position Mismatch.,Medium
RTH : Heading alignment.,Normal
Battery Voltage Difference too large. Check Battery Status,Medium
"Motor speed error. Land or return to home promptly. After powering off the aircraft, replace the propeller on the beeping ESC. If the issue persists, contact DJI Support",High
Cannot track subject: No image. Please retry,Low
GPS Position Mismatch.,Medium
Obstacle Sensing will be disabled when aircraft is landing. Fly with caution.,Normal
GPS Position Mismatch.,Medium
GPS Position Mismatch.,Medium
Strong Interference to Aircraft. Signal interruption may be more likely. Fly with caution.,Low
Taking Off.,Normal
Obstacle sensing not available at night. Adjust RTH altitude to above tallest surrounding building before flying,Low
Excessive gimbal vibration. Check whether gimbal can rotate freely,Low
"Aircraft is in Attitude mode, so that it will not hover. Please fly with caution.",Low
Exiting GPS mode: Unknown Error,High
Precision Landing. Rectifying aircraft position.,Normal
At Least Two Waypoints Required,Normal
GPS Position Mismatch.,Medium
GPS Position Mismatch.,Medium
Satellite positioning off. Fly with Caution.,Low
Weak GPS signal. Aircraft is in Attitude mode and hovering may be unstable. Fly with caution.,Medium
Landing Gear Raising.,Normal
Weak signal. Avoid blocking the antennas and keep the antennas parallel to and facing toward the aircraft during flight.,Medium
Home Point recorded. Return-to-Home Altitude : 98FT.,Normal
Exited Visual Avoidance System.,Normal
GPS Position Mismatch.,Medium
Home Point Recorded. RTH Altitude : 30m.,Normal
Motor is idling (lost or missing propeller),Medium
Landing.,Normal
ActiveTrack Flight Ended: Cannot find subject,Medium
GPS Position Mismatch.,Medium
WarningThe remaining battery is only enough for RTH. Return home now.,Medium
Object too far for laser rangefinder,Normal
Landing Gear Lowered.,Normal
GPS Position Mismatch.,Medium
Landing Gear Raising.,Normal
Taking Off.,Normal
Gimbal Pitch Limit Reached.,Low
GPS Position Mismatch.,Medium
GPS Position Mismatch.,Medium
Landing Gear Lowered.,Normal
GPS Position Mismatch.,Medium
Distance limit enabled. Fly safely,Normal
GPS Position Mismatch.,Medium
GPS Position Mismatch.,Medium
Downlink Restored (after 0m 2.9s).,Normal
GPS Position Mismatch.,Medium
Weak signal. Avoid blocking the antennas and keep the antennas parallel to and facing toward the aircraft during flight.,Medium
Strong Remote Controller Interference.,Medium
GPS Position Mismatch.,Medium
Precision Landing. Rectifying aircraft position.,Normal
GPS Position Mismatch.,Medium
Flight Mode Set to Attitude,Normal
Obstacle Sensing will be disabled when aircraft is landing. Fly with caution.,Normal
Taking Off.,Normal
GPS Position Mismatch.,Medium
Landing Gear Lowered.,Normal
Camera not calibrated. Image quality affected. Contact DJI Support for assistance,Low
Precision Landing. Locating Landing Point,Normal
GPS Position Mismatch.,Medium
Capture Failed Insufficient storage space. Cannot shoot panorama,Low
GPS Position Mismatch.,Medium
Downlink Lost.,Low
GPS Position Mismatch.,Medium
Downlink Restored (after 0m 2.3s).,Normal
Strong Remote Controller Interference.,Medium
Altitude Zone nnn,Normal
Taking Off.,Normal
Downlink Restored (after 0m 5.8s).,Normal
Strong Interference. Fly with caution.,Low
Braking now! Return sticks to midpoints first.,Low
GEO: You are in a Warning Zone (Airport Class Airspace Unpaved Airports Power Plant). Fly with caution,Low
In Flight.,Normal
Fly with caution and ensure the aircraft remains within your line of sight.,Normal
Aircraft ActiveTrack available at max speed. Obstacle Avoidance is not available,Medium
The flight attitude angle is larger in Sport mode. The gimbal will rotate when the aircraft starts or stops. Use Normal mode if required for stable shooting,Normal
Take off and retry this function.,Normal
GPS Position Mismatch.,Medium
Flight Mode Set to Attitude,Normal
Strong Remote Controller Interference.,Medium
Strong Interference. Fly with caution.,Low
Obstacle Sensing will be disabled when aircraft is landing. Fly with caution.,Normal
Flight Mode Set to Attitude,Normal
Obstacle Avoidance will be disabled in landing.,Normal
RTH : Preascending.,Normal
Aircraft close to Home Point. go home shifts to landing.,Normal
Obstacle Avoidance will be disabled in landing.,Normal
Downlink Lost.,Low
Battery power restricted. Aircraft performance decreased to ensure flight safety. Return to home promptly,Medium
Remote ID functionality normal,Normal
Yaw Error.,Low
GPS Position Mismatch.,Medium
GPS Position Mismatch.,Medium
"Sprayer turned OFF, sprayed nnn at nnn liters/min",Normal
GPS Position Mismatch.,Medium
Fly with caution and ensure the aircraft remains within your line of sight.,Normal
Flight Mode Set to Attitude,Normal
GPS Position Mismatch.,Medium
"Home Point Recorded, Return-to-Home Altitude : 98FT",Normal
Aircraft GPS interference. Aircraft unable to fly stably. Land or return to home promptly,Medium
Mobile device CPU fully loaded. Related performance will be affected.,Medium
Not Allowed to change Aircraft Mode. If needed,Low
GPS Position Mismatch.,Medium
GPS Position Mismatch.,Medium
Downlink Lost.,Low
Taking Off.,Normal
Obstacle Avoided. Revise Flight Route,Medium
Aircraft is in QuickShot Mode. Ensure your enviornment is free of potential obstacles.,Normal
Gimbal Pitch Reached Movement Limit,Low
Capture Failed Shooting interrupted,Low
Home Point Recorded. RTH Altitude : 30m.,Normal
Gimbal Recenter,Normal
Fly with caution and ensure the aircraft remains within your line of sight.,Normal
Aircraft flight control locked,High
Precision Landing. Rectifying aircraft position.,Normal
Forward Obstacle Sensing is not functioning.,Low
Home Point updated. RTH altitude adjusted to nnn,Normal
Weak GPS signal. Aircraft is in Attitude mode and hovering may be unstable. Fly with caution.,Medium
GPS Position Mismatch.,Medium
Attitude is too large. Backward obstacle sensing is unavailable,Low
"Excessive attitude angle detected, forward obstacle avoidance has stopped working",High
Obstacle Avoidance disabled. Landing gear lowered. Obstacle Avoidance has been disabled.,Normal
Data Recorder File Index is 57.,Normal
Home Point recorded. Return-to-Home Altitude : 98FT,Normal
Landing Gear Raised.,Normal
GPS Position Mismatch.,Medium
Gimbal IMU data error. Contact DJI Support for assistance,Low
Strong Remote Controller Interference,Medium
GPS Position Mismatch.,Medium
Yaw Error.,Low
GPS Position Mismatch.,Medium
Backward Obstacle Sensing is not functioning.,Low
GPS Position Mismatch.,Medium
Data Recorder File Index is 19.,Normal
Motors Started.,Normal
GPS Position Mismatch.,Medium
Landing Gear Raised.,Normal
GPS Position Mismatch.,Medium
Strong Interference. Fly with caution.,Low
"Home Point Recorded, Return-to-Home Altitude : 98FT.",Normal
GEO Zone Info: The target area is in an Altitude Zone. Flight altitude restricted to nnn,Low
Weak GPS signal. Aircraft is in Attitude mode and hovering may be unstable. Fly with caution.,Medium
Recharge promptly,Low
GPS Position Mismatch.,Medium
Data Recorder File Index is 18.,Normal
GPS Position Mismatch.,Medium
Precision Landing. Rectifying aircraft position.,Normal
Weak signal. Adjust antennas,Low
GPS Position Mismatch.,Medium
Obstacle Sensing will be disabled when aircraft is landing. Fly with caution.,Normal
"Aircraft is in Attitude mode, so that it will not hover. Please fly with caution.",Low
GPS Position Mismatch.,Medium
GPS Position Mismatch.,Medium
GPS Position Mismatch.,Medium
Strong wireless interference. Please fly with caution.,Low
GPS Position Mismatch.,Medium
GPS Position Mismatch.,Medium
Downlink Lost.,Low
Landing gear lowered. Obstacle Avoidance Disabled.,Normal
GPS Position Mismatch.,Medium
Compass Redundancy Switch,Normal
Home Point Recorded.,Normal
Flight altitude exceeds nnn. May violate local policies and regulations. Ensure you have obtained proper airspace authorization,Low
AE Locked. Metering disabled,Low
"Aircraft is in Attitude mode, so that it will not hover. Please fly with caution.",Low
Landing Protection Activated. Aircraft will decelerate during landing.,Normal
Downward vision sensor calibration error. Auto calibration in progress,High
Setting new Return-To-Home altitude to nnn,Normal
"Aircraft is in Attitude mode, so that it will not hover. Please fly with caution.",Low
Strong Interference Now. Fly with caution.,Low
Fly with caution and ensure the aircraft remains within your line of sight.,Normal
GPS Position Mismatch.,Medium
GPS Position Mismatch.,Medium
Landing gear lowered. Obstacle Avoidance Disabled.,Normal
GPS Position Mismatch.,Medium
GPS Position Mismatch.,Medium
Drag a box around or tap a target on screen. Then tap Go.,Normal
Data Recorder File Index is 5.,Normal
GPS Position Mismatch.,Medium
Attitude is too large.,Low
Return-to-Home Altitude : 65FT,Normal
Your palm is too far away from the aircraft. Please step closer.,Low
GPS Position Mismatch.,Medium
Large Wind Velocity. Fly with caution.,Medium
Error: Course angle control error. Please ensure the propellers are installed on the correct motors,High
Taking Off.,Normal
GPS Position Mismatch.,Medium
Home Point Recorded. RTH Altitude : 30m.,Normal
GPS Position Mismatch.,Medium
Taking off.,Normal
Battery: Connection Error,Medium
Taking Off.,Normal
Precision Landing. Correcting Landing Position.,Normal
GPS Position Mismatch.,Medium
GPS Position Mismatch.,Medium
Home Point Updated.,Normal
Home Point Recorded. RTH Altitude : 30m.,Normal
"Ambient Light too Weak, Vision Positioning obstacle sensing is unavailable. please ensure safety during the flight",Low
Ground Plain. Safe to Land.,Normal
Ambient Light is too weak.,Low
GPS Position Mismatch.,Medium
Weak signal. Avoid blocking the antennas and keep the antennas parallel to and facing toward the aircraft during flight. Downlink Lost.,Low
Cannot Track Subject. Cannot Identify Subject,Low
"Aircraft is in Attitude mode, so that it will not hover. Please fly with caution.",Low
Data Recorder File Index is 2.,Normal
Data Recorder File Index is 13.,Normal
Attitude is too large.,Low
Precision Landing. Rectifying aircraft position.,Normal
GPS Position Mismatch.,Medium
Landing.,Normal
Strong Remote Controller Interference.,Medium
Precision Landing. Rectifying aircraft position.,Normal
Fly with caution and ensure the aircraft remains within your line of sight.,Normal
Fly with caution and ensure the aircraft remains within your line of sight.,Normal
Strong wireless interference. Please fly with caution.,Low
Attitude is too large.,Low
Remote Controller Right Dial Locked. Lightly press it to adjust.,Low
GPS Position Mismatch.,Medium
Aircraft out of Range,Medium
Tap the screen lightly to focus.,Normal
Aircraft flight control unlocked,Normal
Aircraft out of Range,Medium
GPS Position Mismatch.,Medium
Yaw Error.,Low
Landing gear lowered. Obstacle Avoidance has been disabled.,Normal
High wind velocity. Fly with caution.,Medium
GPS Position Mismatch.,Medium
Data Recorder File Index is 30.,Normal
Max Flight Distance Reached. Adjust in Main Controller Settings if necessary.,Low
Aircraft in Altitude Zone. Max altitude set to nnn,Normal
"To take off in non-P mode, toggle Flight Mode Switch to another mode and then toggle it back.",Normal
Downlink Lost.,Low
RTH : Ascending to RTH altitude.,Normal
"Aircraft is in Attitude mode, so that it will not hover. Please fly with caution.",Low
Critical low battery. Unable to take off. Recharge promptly,Medium
"Aircraft is landing due to low voltage, which cannot be stopped. You can decelerate the descending speed and avoid obstacles using sticks",High
Remote controller battery level low. Recharge promptly,Medium
Precision Landing. Correcting Landing Position.,Normal
Warning: Battery Temperature Below 15°C (59F). Warm battery to above 25°C (77F) before flying,Low
Maximum flight distance reached. Adjust the distance in MC Settings if required.,Low
Landing gear lowered. Obstacle Avoidance Disabled.,Normal
RTH : Heading alignment.,Normal
Max Flight Distance Reached. Adjust in Main Controller Settings if necessary.,Low
Taking Off.,Normal
Obstacle Sensing will be disabled when aircraft is landing. Fly with caution.,Normal
GPS Position Mismatch.,Medium
Subject lost. Searching ...,Low
GPS Position Mismatch.,Medium
GPS Position Mismatch.,Medium
Landing.,Normal
Cannot Takeoff in Travel Mode. Exit Travel Mode.,Low
GPS Position Mismatch.,Medium
"Aircraft is in Attitude mode, so that it will not hover. Please fly with caution.",Low
Switched to P (Positioning)-mode.,Normal
Landing Protection Activated. Aircraft will decelerate during landing.,Normal
Home Point recorded. Return-to-Home Altitude : 98FT.,Normal
Signal Lost. Aircraft returning to Home Point,High
No GPS signal. Unable to take off. Move to an open area or exit flight tutorial,Low
GPS signal weak. Hovering unstable. Fly with caution,Low
Warning: Max Flight Altitude Reached. Adjust in Main Controller Settings if necessary,Low
High wind velocity. Fly with caution.,Medium
GPS Position Mismatch.,Medium
GPS Position Mismatch.,Medium
GPS Position Mismatch.,Medium
Taking Off.,Normal
Weak signal. Avoid blocking the antennas and keep the antennas parallel to and facing toward the aircraft during flight.,Medium
Extra payload detected. Flight performance will be affected. Fly with caution,Low
Downlink Restored (after 0m 1.2s).,Normal
Cannot Identify Subject,Low
Battery installed incorrectly. Detach battery and reinstall it,Medium
Braking now! Return sticks to midpoints first.,Low
Compass Error. Compass data error. Please check the Compass installation and interference,Low
Downward ambient light too low. Obstacle avoidance unavailable. Fly with caution,Low
"Cannot switch flight mode. Turn on ""Multiple Flight Modes"" to enable Atti and Sport Modes",Medium
Capture Failed Distance limit exceeded. Cannot shoot panorama,Low
Fly with caution and ensure the aircraft remains within your line of sight.,Normal
Gimbal stuck. Check whether gimbal lock is removed and ensure gimbal can rotate freely,Low
GPS Position Mismatch.,Medium
"Aircraft is in Attitude mode, so that it will not hover. Please fly with caution.",Low
GPS Position Mismatch.,Medium
Yaw Error.,Low
Landing Gear Raising.,Normal
GPS Position Mismatch.,Medium
Aircraft is returning to the Home Point. RTH Altitude is 30m. You can reset the RTH Altitude in Remote Controller Settings after cancelling RTH if necessary.,Normal
RTH Altitude : 65FT.,Normal
Precision Landing. Rectifying aircraft position.,Normal
GPS Position Mismatch.,Medium
Taking Off.,Normal
Ground Plain. Safe to Land.,Normal
Take off and retry this function.,Normal
GPS Position Mismatch.,Medium
Yaw Error.,Low
Landing gear lowered. Obstacle Avoidance Disabled.,Normal
GPS Position Mismatch.,Medium
Tap the screen to focus.,Normal
"Tip: Aircraft reached maximum distance, please pay attention to flight safety",Low
Home Point Recorded.,Normal
Strong Remote Controller Interference.,Medium
AirSense communication error. Unable to display nearby manned aircraft and anti-collision warnings. Fly with caution,Medium
High wind velocity. Ensure the aircraft remains within your line of sight and fly with caution.,Medium
GPS Position Mismatch.,Medium
Max Flight Distance Reached. Adjust in Main Controller Settings if necessary.,Low
Subject too Small. Get Closer and retry,Low
Set Flight Mode to GPS to fly safe,Normal
GPS Position Mismatch.,Medium
Rectifying aircraft position,Normal
GPS Position Mismatch.,Medium
Landing Gear Lowered.,Normal
Set Flight Mode to GPS to fly safe,Normal
Tap the screen lightly to focus.,Normal
Propeller guard or extra payload detected. Flight performance will be affected. Fly with caution,Low
Tap the screen lightly to focus.,Normal
Compass Interference. Temp Max Altitude: nnn,Low
Attitude is too large.,Low
Switched to A (Attitude)-mode,Normal
Large Wind Velocity. Fly with caution.,Medium
Cannot Takeoff in Travel Mode. Exit Travel Mode.,Low
Satellite positioning off. Fly with Caution.,Low
Aircraft in Restricted Zone. Unable to take off. Check map to find Recommended Zones,High
Downlink Lost.,Low
GPS Position Mismatch.,Medium
GPS Position Mismatch.,Medium
GPS Position Mismatch.,Medium
"Aircraft is tilted, please keep the aircraft stationary and level before flight",Low
Attitude is too large.,Low
GPS Position Mismatch.,Medium
Downlink Restored (after 0m 1.7s).,Normal
Ground Plain. Safe to Land.,Normal
GPS Position Mismatch.,Medium
Magnetic Filed Interference. Exit P-GPS Mode. Yaw Error.,Low
Home Point Recorded.,Normal
Taking Off.,Normal
Taking Off.,Normal
GPS Position Mismatch.,Medium
GPS Position Mismatch.,Medium
Barometer initialization failed. Restart aircraft,Low
"Aircraft is in Attitude mode, so that it will not hover. Please fly with caution.",Low
Precision Landing. Rectifying aircraft position.,Normal
RTH Altitude : 98FT.,Normal
GPS Position Mismatch.,Medium
"Aircraft is in Attitude mode, so that it will not hover. Please fly with caution.",Low
SD card write speed is too slow. Not suitable for shooting a 4K video.,Low
GPS Position Mismatch.,Medium
GPS Position Mismatch.,Medium
High wind velocity. Ensure the aircraft remains within your line of sight and fly with caution. Downlink Lost.,Medium
"Another aircraft is dangerously close, please descend to a safer altitude",Low
Vision sensor(s) blocked. Fly with caution,Low
Navigation system error. Restart aircraft,Medium
Weak GPS signal. Aircraft is in Attitude mode and hovering may be unstable. Fly with caution.,Medium
API Automatic Takeoff,Normal
Remote controller assisted takeoff initiated.,Normal
Fly with caution and ensure the aircraft remains within your line of sight.,Normal
GPS Position Mismatch.,Medium
Strong wireless interference. Please fly with caution.,Low
GPS Position Mismatch.,Medium
Yaw Error.,Low
"Aircraft is in Attitude mode, so that it will not hover. Please fly with caution.",Low
Propellers not installed,Low
GPS module error. Restart aircraft,Low
Yaw Error.,Low
Obstacle Avoidance will be disabled in landing.,Normal
Data Recorder File Index is 46.,Normal
Flight height too low,Low
Gimbal Pitch Limit Reached.,Low
GPS Position Mismatch.,Medium
GPS Position Mismatch.,Medium
Home Point Updated.,Normal
Home Point Updated.,Normal
Large Wind Velocity.,Medium
GPS Position Mismatch.,Medium
Obstacle Avoided. Revise Flight Route,Medium
Attitude is too large.,Low
Data Recorder File Index is 29.,Normal
GPS Position Mismatch.,Medium
Strong Interference Detected. Be careful when flying long distances.,Low
Ensure control sticks are centered during takeoff,Normal
Backward Obstacle Sensing is not functioning.,Low
Gimbal Yaw Limit Reached,Low
No GPS signal. Aircraft unable to hover. Fly with caution,Medium
Camera sensor error Hardware malfunction: Contact DJI Support to arrange for repairs,Low
GPS Position Mismatch.,Medium
GPS Position Mismatch.,Medium
GPS Position Mismatch.,Medium
"Aircraft is in Attitude mode, so that it will not hover. Please fly with caution.",Low
GPS Position Mismatch.,Medium
High Wind Velocity: Fly with caution and ensure the aircraft remains within your line of sight,Medium
Obstacle Avoidance will be disabled in landing.,Normal
Drag a box around or tap a target on screen. Then tap Go.,Normal
"Aircraft is in Attitude mode, so that it will not hover. Please fly with caution.",Low
Ground Plain. Safe to Land.,Normal
High wind velocity. Fly with caution.,Medium
A passenger aircraft is nearby. Fly with caution,Low
Max Flight Distance Reached. Adjust in Main Controller Settings if necessary.,Low
Precision Landing. Rectifying aircraft position.,Normal
Compass Error. Exit P-GPS Mode,High
GPS Position Mismatch.,Medium
Backward sensor(s) blocked. Obstacle avoidance unavailable. Fly with caution,Low
Data Recorder File Index is 5.,Normal
GPS Position Mismatch.,Medium
Landing gear lowered. Obstacle Avoidance has been disabled.,Normal
Home Point Updated.,Normal
GPS Position Mismatch.,Medium
Ground Plain. Safe to Land.,Normal
Strong Interference Now. Fly with caution.,Low
Home Point Recorded. Taking off.,Normal
Data Recorder File Index is 19.,Normal
GPS Position Mismatch.,Medium
Exited Visual Avoidance System.,Normal
Braking now! Return sticks to midpoints first.,Low
GPS Position Mismatch.,Medium
"Aircraft is in Attitude mode, so that it will not hover. Please fly with caution.",Low
In Flight.,Normal
Compass Error. Compass data error. Please contact DJI Support. Compass disconnected,Low
Cannot enter TapFly Mode: Max Flight Altitude Reached. Adjust in Main Controller Settings if necessary,Low
"Aircraft is in Attitude mode, so that it will not hover. Please fly with caution.",Low
"To take off in non-P mode, toggle Flight Mode Switch to another mode and then toggle it back.",Normal
Gimbal Yaw Limit Reached,Low
Gimbal calibration error. Restart aircraft or contact DJI Support if the issue persists,Low
"Home Point Recorded, Return-to-Home Altitude : 98FT.",Normal
"Aircraft is in Attitude mode, so that it will not hover. Please fly with caution.",Low
Compass Error. Compass Error. Compass data error. Please contact DJI Support,Low
Flight distance may exceed line-of-sight. Fly with caution,Normal
Obstacle Avoidance disabled.,Normal
"Cannot switch flight mode. Turn on ""Multiple Flight Modes"" to enable Atti and Sport Modes.",Medium
Strong wireless interference. Please fly with caution.,Low
Remote controller assisted takeoff initiated.,Normal
GPS Position Mismatch.,Medium
GPS Position Mismatch.,Medium
GPS Position Mismatch.,Medium
GPS Position Mismatch.,Medium
High wind velocity. Ensure the aircraft remains within your line of sight and fly with caution.,Medium
Remote ID error. Connect to network to obtain mobile device location. Flying without broadcasting required remote ID messages may violate local regulations,Low
Camera Settings Adjusted to ActiveTrack,Normal
Strong wireless interference. Please fly with caution.,Low
GPS Position Mismatch.,Medium
GPS Position Mismatch.,Medium
GPS Position Mismatch.,Medium
No SD card. Insert card,Normal
GPS Position Mismatch.,Medium
GPS Position Mismatch.,Medium
Home Point Updated.,Normal
Extra payload detected. Max altitude set to nnn and max distance set to nnn to ensure flight safety,Low
Unable to take off in low light environment. Ensure there are no metal and magnetic objects near the aircraft and calibrate compass,Low
"Not Allowed to change Aircraft Mode. If needed, enable it in Main Controller Settings",Low
GPS Position Mismatch.,Medium
GPS Position Mismatch.,Medium
Taking off.,Normal
Home Point Recorded. RTH Altitude : 30m.,Normal
Tap the screen lightly to focus.,Normal
Precision Landing,Normal
GPS Position Mismatch.,Medium
GPS Position Mismatch.,Medium
Fly with caution and ensure the aircraft remains within your line of sight.,Normal
Fly with caution and ensure the aircraft remains within your line of sight.,Normal
Landing Gear Raising.,Normal
Obstacle Sensing will be disabled when aircraft is landing. Fly with caution.,Normal
Critical low battery. Aircraft returning to home,Medium
GPS Position Mismatch.,Medium
"Aircraft is in Attitude mode, so that it will not hover. Please fly with caution.",Low
GPS Position Mismatch.,Medium
Home Point recorded. Return-to-Home Altitude : 98FT,Normal
High wind velocity. Fly with caution.,Medium
Drag a box around or tap a target on screen. Then tap Go.,Normal
Landing Gear Raising.,Normal
Battery level low. Charge battery,Medium
Obstacle Avoidance Disabled. Landing gear lowered. Obstacle Avoidance Disabled.,Normal
Battery cells undervoltage,Medium
Starting Smart Track,Normal
Cannot takeoff. Ensure the aircraft battery is properly connected,Medium
Cache Space Full,Medium
Data Recorder File Index is 7.,Normal
Landing Gear Lowered.,Normal
Aircraft unable to return to home automatically. Lower altitude immediately and return to home manually,Medium
Motors Started.,Normal
Cannot enter the selected flight mode. Try again later.,Medium
Tap the screen lightly to focus.,Normal
Home Point Updated.,Normal
Your palm is too far away from the aircraft. Please step closer.,Low
GPS Position Mismatch.,Medium
Subject too Small. Get Closer and retry,Low
Lighting environment too dark. Vision System unavailable. Fly with caution,Low
ActiveTrack Flight Ended: Control Signal Timeout (RC),Medium
Large Wind Velocity. Fly with caution.,Medium
Attitude is too large.,Low
GPS Position Mismatch.,Medium
Downlink Lost.,Low
Precision Landing. Correcting Landing Position.,Normal
GPS Position Mismatch.,Medium
Pano shooting completed. The sky part is filled automatically,Normal
Capture Failed The aircraft is moving. Cannot shoot panorama,Low
Yaw Error.,Low
Return-to-Home Altitude : 98FT,Normal
Obstacle Sensing will be disabled when aircraft is landing. Fly with caution.,Normal
Tap the screen lightly to focus.,Normal
GPS Position Mismatch.,Medium
Strong Interference. Fly with caution.,Low
Landing Gear Lowered.,Normal
Attitude is too large.,Low
Abnormal compass function or GPS signal detected. Aircraft switched to ATTI mode,Medium
Fly with caution and ensure the aircraft remains within your line of sight.,Normal
Downlink Restored (after 0m 0.9s).,Normal
Low power. Returning home.,Medium
GPS Position Mismatch.,Medium
Color display in the Liveview has been enhanced. Videos and photos will still be shot in D-Log mode,Normal
Forward Obstacle Sensing is not functioning. Ambient Light is too weak,Low
GPS Position Mismatch.,Medium
GPS Position Mismatch.,Medium
Precision Landing,Normal
Landing Gear Lowering.,Normal
GPS Position Mismatch.,Medium
GPS Position Mismatch.,Medium
Remote controller in high interference environment. Manually adjust flight route or return to home,Medium
Home Point Updated.,Normal
Upward Obstacle Detected,Low
GPS Position Mismatch.,Medium
Exited Visual Avoidance System.,Normal
Landing gear lowered. Obstacle Avoidance Disabled.,Normal
Aircraft is close to the Home Point. Initiating Return to Home will now trigger Auto Landing.,Normal
Payload mode enabled. Max altitude set to nnn and max distance set to nnn. Fly in a wind-free environment to ensure flight safety,Low
Taking Off.,Normal
Attitude is too large.,Low
Your aircraft is at the boundary of an Altitude Zone. Please fly away or land with caution,Low
GPS Position Mismatch.,Medium
GPS Position Mismatch.,Medium
Camera Settings Adjusted to ActiveTrack,Normal
Max Flight Distance Reached. Adjust in Main Controller Settings if necessary.,Low
Home Point Recorded. RTH Altitude : 30m.,Normal
Landing Gear Raising.,Normal
Downlink Lost.,Low
Aircraft switched to ATTI mode,Normal
Landing Gear Lowered.,Normal
High wind velocity. Fly with caution.,Medium
Cannot start Return to Home due to weak GPS signal,Medium
GPS Position Mismatch.,Medium
Your aircraft is flying in an Altitude Zone (nnn). Please fly with caution,Low
GPS Position Mismatch.,Medium
In Flight.,Normal
Braking now! Return sticks to midpoints first.,Low
Aircraft is returning to the Home Point. Minimum RTH Altitude is 98ft. You can reset the RTH Altitude in Remote Controller Settings after cancelling RTH.,Normal
GPS Position Mismatch.,Medium
GPS Position Mismatch.,Medium
Landing Gear Lowering.,Normal
Strong wireless interference. Please fly with caution.,Low
SD card write speed is too slow. Not suitable for shooting a 4K video.,Low
Gimbal Pitch Limit Reached.,Low
Propeller Fell Off,High
Aircraft is entering a restricted area,High
Aircraft is returning to the Home Point. Minimum RTH Altitude is 30m. You can reset the RTH Altitude in Remote Controller Settings after cancelling RTH if necessary.,Normal
Precision Landing. Rectifying aircraft position.,Normal
Satellite positioning off. Fly with Caution.,Low
Maximum Flight Distance Reached. Adjust distance in MC Settings if required.,Low
Correcting Landing Position,Normal
Aircraft is returning to the Home Point. Minimum RTH Altitude is 30m. You can reset the RTH Altitude in Remote Controller Settings after cancelling RTH if necessary.,Normal
SD card write speed is too slow. Not suitable for shooting a 4K video.,Low
Your aircraft is at the boundary of an Authorization Zone. Please fly away with caution,Low
Fly with caution and ensure the aircraft remains within your line of sight.,Normal
ActiveTrack Flight Stopped Aircraft Entering Restricted Area,High
Obstacle Avoided. Revise Flight Route,Medium
GPS Position Mismatch.,Medium
Taking Off.,Normal
GPS Position Mismatch.,Medium
Tip: Only the first camera can tap-zoom in dual gimbal control mode,Normal
Precision Landing. Rectifying aircraft position.,Normal
GPS Position Mismatch.,Medium
Check whether the propellers are attached to the correct motors based on their markings. Incorrect installation will cause the aircraft to roll over during takeoff,Normal
Strong Interference Detected. Be careful when flying long distances.,Low
Low Power. Aircraft is returning to the Home Point.,Medium
Rectifying aircraft position,Normal
GPS Position Mismatch.,Medium
Auto landing initiated,Normal
Auxiliary Bottom Light turned off,Normal
GPS Position Mismatch.,Medium
Landing Gear Lowering.,Normal
Drag a box around or tap a target on screen. Then tap Go.,Normal
Aircraft flight control obtained by remote controller A,Normal
Propulsion output has been limited to ensure battery health.,Normal
Weak GPS signal. Aircraft is in Attitude mode and hovering may be unstable. Fly with caution.,Medium
Account not logged in. Flight altitude and distance restricted to nnn and nnn. Check and log in,Low
Taking Off.,Normal
Strong Interference Detected. Be careful when flying long distances.,Low
Cannot track subject: Gimbal Tilt too Large,Low
Home Point Updated.,Normal
Switched to P (Positioning)-mode.,Normal
Home Point Updated.,Normal
Cannot Takeoff in Travel Mode. Exit Travel Mode.,Low
"To take off in non-P mode, toggle Flight Mode Switch to another mode and then toggle it back.",Normal
Max Flight Distance Reached. Adjust in Main Controller Settings if necessary.,Low
GPS Position Mismatch.,Medium
GPS Position Mismatch.,Medium
Precision Landing. Rectifying aircraft position.,Normal
Landing Gear Raised.,Normal
"Home Point Recorded, Return-to-Home Altitude : 98FT",Normal
Data Recorder File Index is 4.,Normal
Home Point Updated.,Normal
Forward Obstacle Sensing not Responding,Low
GPS Position Mismatch.,Medium
GPS Position Mismatch.,Medium
Precision Landing. Correcting Landing Position.,Normal
GPS Position Mismatch.,Medium
GPS Position Mismatch.,Medium
Restart aircraft,Normal
Aircraft entered Fixed-Wing Mode. Current flight speed is nnn. Press C2 to exit,Low
GPS Position Mismatch.,Medium
Cannot enter ActiveTrack. Ambient Light is too weak,Low
Low Power. Aircraft is returning to the Home Point.,Medium
GPS Position Mismatch.,Medium
Fly with caution and ensure the aircraft remains within your line of sight.,Normal
Return-to-Home Altitude : 65FT,Normal
Strong Interference to Aircraft. Signal interruption may be more likely. Fly with caution.,Low
"Home Point Recorded, Return-to-Home Altitude : 98FT",Normal
Maximum flight distance reached. Adjust the distance in MC Settings if required.,Low
The aircraft is flying back to the start point,Normal
Landing Gear Paused.,Normal
GPS signal low. Aircraft unable to auto hover and takeoff restricted. Move to environment with adequate light. Unlocking takeoff restrictions not recommended,Medium
Aircraft processor chip overheated. Power off aircraft and wait for temperature to return to normal,High
GPS Position Mismatch.,Medium
Precision Landing. Correcting Landing Position.,Normal
Taking Off.,Normal
GPS Position Mismatch.,Medium
"Aircraft is in Attitude mode, so that it will not hover. Please fly with caution.",Low
RTH : Preascending.,Normal
High wind velocity. Fly with caution and land in a safe place ASAP.,Medium
Returning to the Home Point,Normal
Obstacle Sensing will be disabled when aircraft is landing. Fly with caution.,Normal
Motor idle. Check whether propellers are installed,Normal
"Aircraft is in Attitude mode, so that it will not hover. Please fly with caution.",Low
Image transmission signal lost,Medium
GPS Position Mismatch.,Medium
Large Wind Velocity. Fly with caution.,Medium
Large Wind Velocity. Fly with caution.,Medium
GPS Position Mismatch.,Medium
Home Point Recorded.,Normal
Ground Plain. Safe to Land.,Normal
Attitude is too large.,Low
Obstacle Sensing will be disabled when aircraft is landing. Fly with caution.,Normal
Data Recorder File Index is 3.,Normal
GPS Position Mismatch.,Medium
Remote controller disconnected from aircraft,Low
Large Wind Velocity.,Medium
GPS Position Mismatch.,Medium
Weak signal. Make sure the remote controller is facing aircraft and avoid blocking the signal,Low
Fly with caution and ensure the aircraft remains within your line of sight.,Normal
Landing Gear Raised.,Normal
GPS Position Mismatch.,Medium
GPS Position Mismatch.,Medium
Home Point Updated.,Normal
Downlink Restored (after 0m 1.1s).,Normal
"Tip: When multi-gimbals are controlled together, only the first gimbal spotlight feature is available",Normal
Weak signal. Avoid blocking the antennas and keep the antennas parallel to and facing toward the aircraft during flight.,Medium
Landing Gear Lowering.,Normal
Rectifying aircraft position,Normal
Obstacle Avoidance Disabled. Landing gear lowered. Obstacle Avoidance Disabled.,Normal
GPS Position Mismatch.,Medium
GPS Position Mismatch.,Medium
Taking Off.,Normal
Downlink Lost.,Low
Strong wireless interference. Please fly with caution.,Low
Attitude is too large.,Low
Fly with caution and ensure the aircraft remains within your line of sight.,Normal
GPS Position Mismatch.,Medium
GPS Position Mismatch.,Medium
Yaw Error.,Low
Obstacle Avoided. Revise Flight Route,Medium
Aircraft is flying back to the start point,Normal
Aircraft out of Range,Medium
GPS Position Mismatch.,Medium
Landing gear lowered. Obstacle Avoidance Disabled.,Normal
Return-to-Home Altitude : 65FT,Normal
Aircraft is returning to the Home Point. Minimum RTH Altitude is 30m. You can reset the RTH Altitude in Remote Controller Settings after cancelling RTH if necessary.,Normal
Weak signal. Avoid blocking the antennas and keep the antennas parallel to and facing toward the aircraft during flight.,Medium
Yaw Error.,Low
Set Flight Mode to GPS to fly safe,Normal
Drag a box around or tap a target on screen. Then tap Go.,Normal
Set Flight Mode to GPS to fly safe,Normal
GPS Position Mismatch.,Medium
Home Point Recorded. RTH Altitude : 30m.,Normal
Capture Failed Cannot enter Pano mode,Low
Aircraft is returning to the Home Point. RTH Altitude is nnn. You can reset the RTH Altitude in Remote Controller Settings after cancelling RTH if necessary,Normal
GPS Position Mismatch.,Medium
Landing gear lowered. Obstacle Avoidance Disabled.,Normal
Low Power. Aircraft is returning to the Home Point.,Medium
Fly with caution and ensure the aircraft remains within your line of sight.,Normal
Strong Remote Controller Interference.,Medium
Camera Settings Adjusted to ActiveTrack,Normal
Home Point Recorded. RTH Altitude : 30m.,Normal
Data Recorder File Index is 7.,Normal
Cannot takeoff in a no-fly zone,Low
Landing Gear Lowering.,Normal
Precision Landing. Rectifying aircraft position.,Normal
Remote controller assisted takeoff initiated.,Normal
Altitude above the takeoff point exceeds nnn. Always fly in compliance with altitude limitations,Low
Home Point Recorded. RTH Altitude : 30m.,Normal
GPS Position Mismatch.,Medium
Auxiliary Bottom Light set to automatic mode,Normal
Your palm is too far away from the aircraft. Please step closer.,Low
"Low power, please replace the battery",Medium
Critical low battery voltage,Medium
Remote controller assisted takeoff initiated.,Normal
Strong Interference Detected. Be careful when flying long distances.,Low
Strong wireless interference. Please fly with caution.,Low
Obstacle Avoided. Revise Flight Route,Medium
Landing.,Normal
GPS Position Mismatch.,Medium
Data Recorder File Index is 45.,Normal
GPS Position Mismatch.,Medium
GPS Position Mismatch.,Medium
Ground Plain. Safe to Land.,Normal
GPS Position Mismatch.,Medium
Gimbal Roll Limit Reached.,Low
Switched to S (Sport)-mode.,Normal
Fly with caution and ensure the aircraft remains within your line of sight.,Normal
Home Point Recorded.,Normal
GPS Position Mismatch.,Medium
Precision Landing. Correcting Landing Position.,Normal
GPS Position Mismatch.,Medium
Flight Mode Set to Attitude,Normal
Descending. Exited Visual Avoidance System,Normal
Landing Gear Raised.,Normal
GPS Position Mismatch.,Medium
Tap the screen lightly to focus.,Normal
Aircraft not in flight. Vision system and obstacle sensing unavailable,Low
Take off in P-Mode,Normal
Intelligent Flight Modes have not been enabled. Enable this option in Main Controller Settings if needed.,Normal
Cannot enable Intelligent Flight Mode: Low Battery,Medium
Tap the screen lightly to focus.,Normal
GPS Position Mismatch.,Medium
Insufficient SD card space. Change card or delete files,Low
Maximum flight distance reached. Adjust the distance in MC Settings if required.,Low
The remaining battery is only enough for RTH. Return home now.,Medium
Forward Obstacle Sensing not Responding,Low
Tap the screen lightly to focus.,Normal
The remaining battery is only enough for RTH. Return home now.,Medium
"Critically Low Voltage Warning Land as soon as possible, otherwise the battery will be damaged",Medium
High wind velocity. Fly with caution and land in a safe place ASAP.,Medium
Precision Landing. Rectifying aircraft position.,Normal
Data Recorder File Index is 21.,Normal
The remaining battery is only enough for RTH. Return home now.,Medium
Landing Gear Raising.,Normal
Switched to T (Tripod)-mode.,Normal
Yaw Error.,Low
Landing Gear Raising.,Normal
Home Point Updated.,Normal
Aircraft ActiveTrack max speed of nnn. Left and right Obstacle Sensing systems are available,Medium
Obstacle Avoidance will be disabled in landing.,Normal
Motor nnn stalled. Land aircraft immediately,High
Precision Landing,Normal
Downlink Restored (after 0m 1.1s).,Normal
GPS Position Mismatch.,Medium
Forward Obstacle Sensing is not functioning.,Low
GPS Position Mismatch.,Medium
Aircraft is returning to the Home Point. Minimum RTH Altitude is 30m. You can reset the RTH Altitude in Remote Controller Settings after cancelling RTH.,Normal
Tap the screen lightly to focus.,Normal
Strong wireless interference. Please fly with caution.,Low
Home Point Updated.,Normal
GPS Position Mismatch.,Medium
High wind velocity. Ensure the aircraft remains within your line of sight and fly with caution.,Medium
Precision Landing. Rectifying aircraft position.,Normal
Compass Error. Compass Error. Compass disconnected,Low
Obstacle Avoidance will be disabled in landing.,Normal
GPS Position Mismatch.,Medium
GPS Position Mismatch.,Medium
GPS Position Mismatch.,Medium
Obstacle Avoidance will be disabled in landing.,Normal
GPS Position Mismatch.,Medium
Aircraft is now following you.,Normal
GPS Position Mismatch.,Medium
Braking now! No use to move the stick right. Avoid the obstacle,Low
GPS Position Mismatch.,Medium
Large Wind Velocity.,Medium
Aircraft in Restricted Zones. Check map to find Recommended Zones,High
Command Failed,Medium
GPS Position Mismatch.,Medium
Weak signal. Adjust antenna and avoid signal block.,Medium
Backward Obstacle Sensing is not functioning.,Low
Cannot Enter TapFly Cannot fly in that direction,Low
Critical Low Battery,Medium
Aircraft out of Range,Medium
Downlink Lost.,Low
Data Recorder File Index is 5.,Normal
Strong wireless interference. Please fly with caution.,Low
GPS Position Mismatch.,Medium
Max Flight Distance Reached. Adjust in Main Controller Settings if necessary.,Low
Min Waypoint Distance: nnn,Normal
Obstacle Avoidance will be disabled in landing.,Normal
Set Flight Mode to GPS to fly safe,Normal
EMMC is full,Medium
Taking Off.,Normal
Home Point Updated.,Normal
Tap the screen lightly to focus.,Normal
GPS Position Mismatch.,Medium
Maximum flight distance reached. Adjust the distance in MC Settings if required.,Low
GPS Position Mismatch.,Medium
Critical low battery. Return to home or land promptly,Medium
GPS Position Mismatch.,Medium
GPS Position Mismatch.,Medium
Tap the screen lightly to focus.,Normal
GPS Position Mismatch.,Medium
Home Point Recorded.,Normal
Downlink Restored (after 0m 1s).,Normal
RTH : Ascending to RTH altitude.,Normal
Ground Plain. Safe to Land.,Normal
Precision Landing. Rectifying aircraft position.,Normal
GPS Position Mismatch.,Medium
GPS Position Mismatch.,Medium
RTH Altitude : 65FT.,Normal
"Aircraft is in Attitude mode, so that it will not hover. Please fly with caution.",Low
Home Point Recorded.,Normal
Strong Interference. Fly with caution.,Low
GPS Position Mismatch.,Medium
Obstacle Avoidance disabled.,Normal
Aircraft is in Tripod Mode. Exit this mode and try again,Normal
GPS Position Mismatch.,Medium
Home Point Recorded. RTH Altitude : 30m.,Normal
Maximum flight distance reached. Adjust the distance in MC Settings if required.,Low
Home Point Recorded.,Normal
GPS Position Mismatch.,Medium
Home Point Recorded. RTH Altitude : 30m.,Normal
Maximum Flight Distance Reached. Adjust distance in MC Settings if required.,Low
IMU attitude restricted. Ensure aircraft is level,Medium
Aircraft GPS signal too weak. Home Point not updated,Medium
GPS Position Mismatch.,Medium
Home Point Updated.,Normal
Strong Interference. Fly with caution.,Low
Fly with caution and ensure the aircraft remains within your line of sight.,Normal
Right Dial Locked. Lightly press to adjust.,Low
Home Point recorded. Return-to-Home Altitude : 98FT,Normal
GPS Position Mismatch.,Medium
Critically Low Power. Aircraft Landing. Throttle up to reduce the speed of descent and use sticks to avoid obstacles,Medium
Data Recorder File Index is 13.,Normal
GPS Position Mismatch.,Medium
Arrived at destination,Normal
Large Wind Velocity.,Medium
Downward sensor error. Aircraft unstable at low altitude. Please fly with caution,High
GPS Position Mismatch.,Medium
GPS Position Mismatch.,Medium
Precision Landing. Rectifying aircraft position.,Normal
Auto Landing in nnn(s),Normal
Taking Off.,Normal
Landing.,Normal
Strong Interference Detected. Be careful when flying long distances.,Low
"Aircraft is in Attitude mode, so that it will not hover. Please fly with caution.",Low
Capture Failed The gimbal is moving. Cannot shoot panorama,Low
"Ambient Light too Weak, Backward obstacle sensing is unavailable. please ensure safety during the flight",Low
GPS Position Mismatch.,Medium
GPS Position Mismatch.,Medium
Home Point recorded. Return-to-Home Altitude : 98FT.,Normal
Satellite positioning off. Fly with Caution.,Low
Battery overheating. Stop flying and wait for battery temperature to return to normal,Medium
GPS Position Mismatch.,Medium
Critically low power. Aircraft is landing,Medium
Mobile device version too old to support HD image transmission and the image transmission mode has been switch to normal mode.,Low
Taking Off.,Normal
Tap the screen lightly to focus.,Normal
Set Flight Mode to GPS to fly safe,Normal
Fly with caution and ensure the aircraft remains within your line of sight.,Normal
Failed to lower or pack up landing gear. Take care of your gimbal when landing,Medium
Satellite positioning off. Fly with Caution.,Low
GPS Position Mismatch.,Medium
Advanced RTH Image Transmission Recovered. Aircraft is returning home,Normal
Strong wind. Fly with caution,Medium
Home Point Updated.,Normal
"Home Point Recorded, Return-to-Home Altitude : 98FT",Normal
Sprayer turned ON,Normal
Subject too Small. Get Closer and retry,Low
Home Point recorded. Return-to-Home Altitude : 98FT.,Normal
Max Flight Altitude Reached. Adjust in Main Controller Settings if necessary,Low
Manned aircraft too close. Fly at a safe altitude,Medium
Approaching NFZ or pre-set distance limit of (nnn). Revise Flight Route,Medium
Yaw Error.,Low
Strong Remote Controller Interference.,Medium
Manned aircraft approaching. Fly at a safe altitude,Medium
GPS Position Mismatch.,Medium
Your palm is too far away from the aircraft. Please step closer.,Low
Manned aircraft detected nearby. Fly with caution,Medium
"Aircraft is in Attitude mode, so that it will not hover. Please fly with caution.",Low
Fly with caution and ensure the aircraft remains within your line of sight.,Normal
GPS Position Mismatch.,Medium
Extra payload detected. Return aircraft to an area nearby the home point promptly and fly in a wind-free environment to ensure flight safety,Low
Precision Landing. Rectifying aircraft position.,Normal
Flight Mode Set to Attitude,Normal
Remote controller assisted takeoff initiated.,Normal
GPS Position Mismatch.,Medium
GPS Position Mismatch.,Medium
Exited Cruise Control mode,Normal
Aircraft out of Range,Medium
In Flight.,Normal
Landing.,Normal
Landing Gear Lowering.,Normal
Aircraft in high interference environment. Fly with caution,Low
GPS Position Mismatch.,Medium
Max Flight Distance Reached. Adjust in Main Controller Settings if necessary.,Low
Attitude is too large. Backward Obstacle Sensing is not functioning.,Low
Strong wireless interference. Please fly with caution.,Low
Landing Gear Paused.,Normal
Attitude is too large.,Low
Downlink Lost.,Low
In Flight.,Normal
GPS Position Mismatch.,Medium
Take off in P-Mode,Normal
Landing gear lowered. Obstacle Avoidance Disabled.,Normal
Obstacle Avoidance will be disabled in landing.,Normal
Aircraft is returning to the Home Point. Minimum RTH Altitude is 30m. You can reset the RTH Altitude in Remote Controller Settings after cancelling RTH.,Normal
Approaching a No-Fly Zone. RTH may be affected. Fly with caution,Medium
Strong Interference. Fly with caution.,Low
Downlink Restored (after 0m 1.4s).,Normal
Fly with caution and ensure the aircraft remains within your line of sight.,Normal
High wind velocity. Fly with caution.,Medium
Max Flight Altitude Reached. Adjust in Main Controller Settings if necessary,Low
Braking now! Return sticks to midpoints first.,Low
"Aircraft is in Attitude mode, so that it will not hover. Please fly with caution.",Low
Home Point recorded. Return-to-Home Altitude : 98FT.,Normal
GPS Position Mismatch.,Medium
GPS Position Mismatch.,Medium
Color display in Liveview is enhanced. Videos and photos will still be shot in D-Log mode,Normal
Obstacle Avoided. Revise Flight Route,Medium
Strong Interference Detected. Be careful when flying long distances.,Low
Data Recorder File Index is 7.,Normal
GPS Position Mismatch.,Medium
"Check whether propellers are installed correctly. If the propellers are installed correctly and the aircraft still cannot takeoff, a motor error may exist. Contact DJI Support for assistance",Low
Battery: Battery Error. Return home and land soon. View the checklist after landing,Medium
Forward Obstacle Sensing is not functioning.,Low
Weak signal. Avoid blocking the antennas and keep the antennas parallel to and facing toward the aircraft during flight.,Medium
GPS Position Mismatch.,Medium
Fly with caution and ensure the aircraft remains within your line of sight.,Normal
The remaining battery is only enough for RTH. Return home now.,Medium
GPS Position Mismatch.,Medium
GPS Position Mismatch.,Medium
Remote controller assisted takeoff initiated.,Normal
Home Point Recorded.,Normal
Extra payload detected. Max altitude and distance set. Fly with caution,Low
The remaining battery is only enough for RTH. Return home now.,Medium
Your palm is too far away from the aircraft. Please step closer.,Low
High wind velocity. Ensure the aircraft remains within your line of sight and fly with caution.,Medium
Subject too Small. Get Closer and retry,Low
Drag a box around or tap a target on screen. Then tap Go.,Normal
RTH Altitude : 65FT.,Normal
Cannot exit ActiveTrack,Low
Landing Gear Raised.,Normal
GPS Position Mismatch.,Medium
Home Point recorded. Return-to-Home Altitude : 98FT.,Normal
Landing Gear Lowering.,Normal
Landing Gear Lowered.,Normal
GPS Position Mismatch.,Medium
GPS Position Mismatch.,Medium
GPS Position Mismatch.,Medium
GPS Position Mismatch.,Medium
Yaw Error.,Low
Return-to-Home Altitude : 98FT.,Normal
Downlink Lost.,Low
GPS Position Mismatch.,Medium
Obstacle Avoidance will be disabled in landing.,Normal
Landing.,Normal
GPS Position Mismatch.,Medium
GPS Position Mismatch.,Medium
Extended flight distance detected. Always maintain visual line of sight unless otherwise authorized,Low
Landing Gear Raising.,Normal
GPS Position Mismatch.,Medium
Fly with caution and ensure the aircraft remains within your line of sight.,Normal
GPS Position Mismatch.,Medium
Satellite positioning off. Fly with Caution.,Low
Aircraft out of Range,Medium
Weak GPS signal. Aircraft is in Attitude mode and hovering may be unstable. Fly with caution.,Medium
GPS Position Mismatch.,Medium
Aircraft too Far. Cannot enter Follow Me Mode,Low
Aircraft out of Range,Medium
Unable to take off,Low
Data Recorder File Index is 57.,Normal
GPS Position Mismatch.,Medium
Take off and retry this function.,Normal
Take off in P-Mode,Normal
Attitude is too large.,Low
RTH : Heading alignment.,Normal
Incompatible firmware version. Go to Profile > Settings to update firmware,High
Downlink Lost.,Low
Precision Landing. Rectifying aircraft position.,Normal
Home Point Recorded. RTH Altitude : 30m.,Normal
Taking Off.,Normal
Braking now! Return sticks to midpoints first.,Low
GPS Position Mismatch.,Medium
Satellite positioning off. Fly with Caution.,Low
Data Recorder File Index is 13.,Normal
GPS Position Mismatch.,Medium
High wind velocity. Ensure the aircraft remains within your line of sight and fly with caution.,Medium
Backward ambient light too low. Backward obstacle avoidance unavailable. Only infrared sensors available. Fly with caution,Low
Your aircraft has entered a Warning Zone (Class D). Please fly with caution.,Low
High wind velocity. Ensure the aircraft remains within your line of sight and fly with caution.,Medium
GPS Position Mismatch.,Medium
Precision Landing,Normal
GPS Position Mismatch.,Medium
Obstacle Avoided. Revise Flight Route,Medium
Aircraft out of Range,Medium
Cannot track subject: Subject too Small. Get Closer and retry,Low
Maximum flight distance reached. Adjust the distance in MC Settings if required.,Low
GPS Position Mismatch.,Medium
Capture Failed Stick movement detected. Panorama has stopped,Low
Aircraft is returning to the Home Point. Minimum RTH Altitude is 30m. You can reset the RTH Altitude in Remote Controller Settings after cancelling RTH if necessary.,Normal
GPS Position Mismatch.,Medium
High wind velocity. Fly with caution and land in a safe place ASAP.,Medium
Remote controller assisted takeoff initiated.,Normal
Cannot track subject: Subject too Large. Move Away and retry,Low
Compass interference. Please move the aircraft away from potential interference source or calibrate the compass,Low
Strong wireless interference. Please fly with caution.,Low
Rectifying aircraft position,Normal
"Home Point Recorded, Return-to-Home Altitude : 98FT",Normal
Warning: Command Timeout,Medium
GPS Position Mismatch.,Medium
Max Altitude Approached. Wait for the GPS satellite signal recovery before ascend,Medium
Waypoint Mission Start,Normal
Strong wireless interference. Please fly with caution. Obstacle Avoidance Disabled. Landing gear lowered. Obstacle Avoidance Disabled.,Low
Landing Gear Raising.,Normal
GPS Position Mismatch.,Medium
Aircraft propulsion system error. Forced landing. Manually control the aircraft and land in an open area,High
RTH : Ascending to RTH altitude.,Normal
Subject lost. Searching …,Low
Home Point Recorded. RTH Altitude : 30m.,Normal
Locating Landing Point,Normal
Obstacle Avoidance disabled. Fly with caution,Low
GPS Position Mismatch.,Medium
Weak signal. Avoid blocking the antennas and keep the antennas parallel to and facing toward the aircraft during flight.,Medium
Braking now! Return sticks to midpoints first.,Low
Max Flight Distance Reached. Adjust in Main Controller Settings if necessary.,Low
"During Smart Track, you can control lens zoom within a certain limit",Normal
RTH Altitude : 65FT.,Normal
"Flight control mode error, cannot start recording QuickShot",Medium
Attitude is too large. Forward obstacle sensing is unavailable,Low
Cancel Return-to-Home Failed,Low
GPS Position Mismatch.,Medium
Strong Remote Controller Interference.,Medium
Landing Gear Raising.,Normal
GPS Position Mismatch.,Medium
GPS Position Mismatch.,Medium
GPS Position Mismatch.,Medium
GPS Position Mismatch.,Medium
Attitude is too large.,Low
"To take off in non-P mode, toggle Flight Mode Switch to another mode and then toggle it back.",Normal
Aircraft in Authorization Zone. Unable to take off before unlocking,High
Camera Settings Adjusted to ActiveTrack,Normal
GPS Position Mismatch.,Medium
Obstacle Sensing will be disabled when aircraft is landing. Fly with caution.,Normal
Taking Off.,Normal
"Braking now. Return sticks to midpoints, then continue flying.",Low
Another aircraft is nearby. Fly with caution,Low
Taking Off.,Normal
Strong Remote Controller Interference.,Medium
Reaching maximum altitude...,Medium
Landing Gear Raising.,Normal
Gimbal nnn roll axis endpoint reached,Normal
Maximum Flight Altitude Reached. Adjust altitude in MC Settings if required.,Low
Low power. Returning home.,Medium
PalmControl in Process,Normal
GPS Position Mismatch.,Medium
Large Wind Velocity.,Medium
GPS Position Mismatch.,Medium
GPS Position Mismatch.,Medium
Landing gear lowered. Obstacle Avoidance Disabled.,Normal
Aircraft antenna satellite signal searching error. Fly with caution,Medium
GPS Position Mismatch.,Medium
Home Point Recorded. RTH Altitude : 30m.,Normal
Yaw Error.,Low
GPS Position Mismatch.,Medium
GPS Position Mismatch.,Medium
Remote controller assisted takeoff initiated.,Normal
High wind velocity. Ensure the aircraft remains within your line of sight and fly with caution.,Medium
"Aircraft ActiveTrack available at max speed. When exceeding nnn, Obstacle Avoidance is not available",Medium
Warning,Normal
GPS Position Mismatch.,Medium
Precision Landing. Rectifying aircraft position.,Normal
GPS Position Mismatch.,Medium
Cannot Identify Subject,Low
GPS Position Mismatch.,Medium
GPS Position Mismatch.,Medium
GPS Position Mismatch.,Medium
Maximum flight distance reached. Adjust the distance in MC Settings if required.,Low
GPS Position Mismatch.,Medium
Tap the screen to focus.,Normal
Downlink Lost.,Low
GPS Position Mismatch.,Medium
Calibration subject is too close. Recalibrate using a subject that is farther away,Low
Target lost. QuickShots stopped,Low
Flight Mode Set to Attitude,Normal
Precision Landing. Rectifying aircraft position.,Normal
Taking Off.,Normal
GPS Position Mismatch.,Medium
Maximum flight distance reached. Adjust the distance in MC Settings if required.,Low
High wind velocity. Fly with caution and land in a safe place ASAP.,Medium
Downlink Lost.,Low
GPS Position Mismatch.,Medium
Vision sensor error. Contact DJI Support for assistance,Medium
Compass data error. Please contact DJI Support,Low
Yaw Error.,Low
Taking Off.,Normal
Waypoint Mission Resumed,Normal
Your palm is too far away from the aircraft. Please step closer.,Low
Home Point Recorded.,Normal
Precision Landing. Rectifying aircraft position.,Normal
Not Allowed to change Aircraft Mode. If needed,Low
Landing Gear Paused.,Normal
GPS Position Mismatch.,Medium
Returning to the Home Point,Normal
Fly with caution and ensure the aircraft remains within your line of sight.,Normal
Landing Protection Activated. Aircraft will decelerate during landing.,Normal
Taking Off.,Normal
Landing gear function restored,Normal
Your palm is too close to the aircraft. Please step farther away.,Low
Taking Off.,Normal
Landing Gear Lowering.,Normal
Precision Landing,Normal
Flight Mode Set to Attitude,Normal
High wind velocity. Ensure the aircraft remains within your line of sight and fly with caution.,Medium
Precision Landing. Correcting Landing Position.,Normal
RTH : Cruise.,Normal
Obstacle Avoidance will be disabled in landing.,Normal
Aircraft not linked to phone number. Flight range restricted. Check and link phone number,Low
Strong wireless interference. Please fly with caution.,Low
GPS Position Mismatch.,Medium
GPS Position Mismatch.,Medium
GPS Position Mismatch.,Medium
GPS Position Mismatch.,Medium
Downlink Lost.,Low
Braking now! Return sticks to midpoints first.,Low
Return-to-Home Altitude : 65FT,Normal
Ground Plain. Safe to Land.,Normal
GPS Position Mismatch.,Medium
GPS Position Mismatch.,Medium
Weak signal. Avoid blocking the antennas and keep the antennas parallel to and facing toward the aircraft during flight.,Medium
Obstacle Avoidance will be disabled in landing.,Normal
Landing Gear Lowered.,Normal
GPS Position Mismatch.,Medium
Home Point Recorded. RTH Altitude : 30m.,Normal
GPS Position Mismatch.,Medium
Remote Controller Right Dial Locked. Lightly press it to adjust.,Low
Taking Off.,Normal
Payload mode enabled. Max altitude and distance set. Fly with caution,Normal
Aircraft is close to the Home Point. Initiating Return to Home will now trigger Auto Landing.,Normal
Taking Off.,Normal
GPS Position Mismatch.,Medium
Ground Plain. Safe to Land.,Normal
High wind velocity. Fly with caution and land in a safe place ASAP.,Medium
Data Recorder File Index is 15.,Normal
Home Point Recorded. RTH Altitude : 30m.,Normal
Attitude is too large.,Low
Satellite positioning off. Fly with Caution.,Low
GPS Position Mismatch.,Medium
"Aircraft is in Attitude mode, so that it will not hover. Please fly with caution.",Low
GPS Position Mismatch.,Medium
Taking off.,Normal
Remote controller assisted takeoff initiated.,Normal
GPS Position Mismatch.,Medium
Data Recorder File Index is 7.,Normal
Low battery voltage. Fly with caution,Medium
Camera Settings Adjusted to ActiveTrack,Normal
Switched to P (Positioning)-mode.,Normal
Gimbal Yaw Limit Reached,Low
Pano successful,Normal
Data Recorder File Index is 19.,Normal
Aircraft will automatically descend in nnn,Medium
Weak GPS signal. Aircraft is in Attitude mode and hovering may be unstable. Fly with caution.,Medium
Downlink Lost.,Low
GPS Position Mismatch.,Medium
Attitude is too large.,Low
Landing Gear Lowering.,Normal
Forward Obstacle Sensing not Working.,Low
High wind velocity. Fly with caution and land in a safe place ASAP.,Medium
Taking Off.,Normal
Rectifying aircraft position,Normal
Landing Gear Lowering.,Normal
GPS Position Mismatch.,Medium
Taking Off.,Normal
Attitude is too large.,Low
"Aircraft is in Attitude mode, so that it will not hover. Please fly with caution.",Low
Gimbal motor overloaded. Check whether gimbal can rotate freely,Low
Data Recorder File Index is 17.,Normal
Set Flight Mode to GPS to fly safe,Normal
Fly with caution and ensure the aircraft remains within your line of sight.,Normal
Fly with caution and ensure the aircraft remains within your line of sight.,Normal
Downlink Lost.,Low
No GPS. Return to Home failed. Return the aircraft to home manually,Medium
Downlink Restored (after 0m 1.6s).,Normal
GPS Position Mismatch.,Medium
Large Wind Velocity. Fly with caution.,Medium
GPS Position Mismatch.,Medium
Fly with caution and ensure the aircraft remains within your line of sight.,Normal
Braking now! Return sticks to midpoints first.,Low
"Aircraft is in Attitude mode, so that it will not hover. Please fly with caution.",Low
Obstacle Sensing will be disabled when aircraft is landing. Fly with caution.,Normal
Home Point Recorded. RTH Altitude : 30m.,Normal
GPS Position Mismatch.,Medium
In Flight.,Normal
Mobile device version too old to support HD image transmission and the image transmission mode has been switch to normal mode.,Low
Home Point Recorded.,Normal
GPS Position Mismatch.,Medium
GPS Position Mismatch.,Medium
GPS Position Mismatch.,Medium
Landing gear lowered. Obstacle Avoidance Disabled.,Normal
Strong Interference. Fly with caution.,Low
Maximum flight distance reached. Adjust the distance in MC Settings if required.,Low
Recenter Gimbal Pan,Normal
Take off and retry this function.,Normal
Not Enough Force/ESC Error,Low
Switched to T (Tripod)-mode.,Normal
GPS Position Mismatch.,Medium
Away and Follow in progress.,Normal
Fly with caution and ensure the aircraft remains within your line of sight.,Normal
GPS Position Mismatch.,Medium
Max Flight Distance Reached. Adjust in Main Controller Settings if necessary.,Low
Low battery. Recharge promptly,Medium
Data Recorder File Index is 4.,Normal
GPS Position Mismatch.,Medium
Strong wireless interference. Please fly with caution.,Low
GPS Position Mismatch.,Medium
Attitude is too large.,Low
Home Point Recorded.,Normal
Battery Signal Error. Check battery connection.,Medium
RTH : Preascending.,Normal
SD card malfunction. Change card,Medium
GPS Position Mismatch.,Medium
Strong Interference to Aircraft. Signal interruption may be more likely. Fly with caution.,Low
Battery temperature is below 15 degrees Celsius. Warm up the battery temperature to above 25 degree Celsius to ensure a safe flight.,Medium
High wind velocity. Ensure the aircraft remains within your line of sight and fly with caution.,Medium
Taking off.,Normal
Set Flight Mode to GPS to fly safe,Normal
High wind velocity. Fly with caution.,Medium
GPS Position Mismatch.,Medium
Cannot Takeoff in Travel Mode. Exit Travel Mode.,Low
GPS Position Mismatch.,Medium
SD card write speed is too slow. Not suitable for shooting a 4K video.,Low
Maximum Flight Distance Reached. Adjust distance in MC Settings if required.,Low
Landing.,Normal
GPS Position Mismatch.,Medium
Downlink data connection lost for nnn seconds,Low
GPS Position Mismatch.,Medium
Precision Landing. Correcting Landing Position.,Normal
Aircraft is close to Home Point. Return-to-Home Mode is now Auto Landing Mode.,Normal
GPS Position Mismatch.,Medium
"Camera Error. Solution: Restart the aircraft, if the problem persists, contact DJI Support",Low
Downward Obstacle Sensing is not functioning. Ambient Light is too weak,Low
GPS Position Mismatch.,Medium
Subject lost. Reselect subject,Low
GPS Position Mismatch.,Medium
Impact detected. Restart aircraft,High
Aircraft is returning to the Home Point. Minimum RTH Altitude is 30m. You can reset the RTH Altitude in Remote Controller Settings after cancelling RTH.,Normal
Aircraft is close to Home Point. Return-to-Home Mode is now Auto Landing Mode.,Normal
Compass Error,Low
Strong wireless interference. Please fly with caution.,Low
Taking Off.,Normal
Home Point Recorded. RTH Altitude : 30m.,Normal
Drag a box around or tap a target on screen. Then tap Go.,Normal
Right Dial Locked. Lightly press to adjust.,Low
Fly with caution and ensure the aircraft remains within your line of sight.,Normal
Disable SD card read and write protection or change card,Normal
Gimbal Pitch Limit Reached.,Low
Strong Aircraft Interference,Low
GPS Position Mismatch.,Medium
Aircraft is returning to the Home Point. Minimum RTH Altitude is 30m. You can reset the RTH Altitude in Remote Controller Settings after cancelling RTH if necessary.,Normal
GPS Position Mismatch.,Medium
Aircraft is returning to the Home Point. Minimum RTH Altitude is 30m. You can reset the RTH Altitude in Remote Controller Settings after cancelling RTH if necessary.,Normal
Max Flight Distance Reached. Adjust in Main Controller Settings if necessary.,Low
RTH : Heading alignment.,Normal
Home Point Recorded. RTH Altitude : 30m.,Normal
GPS Position Mismatch.,Medium
Gimbal Yaw Limit Reached,Low
Home Point recorded. Return-to-Home Altitude : 98FT,Normal
GPS Position Mismatch.,Medium
GPS Position Mismatch.,Medium
Home Point Recorded. RTH Altitude : 30m.,Normal
GPS Position Mismatch.,Medium
SD card write speed is too slow. Not suitable for shooting a 4K video.,Low
RTH : Cruise.,Normal
Gimbal Pitch Limit Reached.,Low
Landing gear lowered. Obstacle Avoidance Disabled.,Normal
Aircraft in Attitude mode. Unable to hover. Fly with caution ,Low
Remote controller signal weak. Adjust remote controller antennas,Low
Braking now! Return sticks to midpoints first.,Low
GPS Position Mismatch.,Medium
Attitude is too large.,Low
Maximum Flight Distance Reached. Adjust distance in MC Settings if required.,Low
GPS Position Mismatch.,Medium
Attitude is too large.,Low
Payload mode enabled. Max altitude set to nnn and max distance set to nnn to ensure flight safety,Normal
Tap the screen lightly to focus.,Normal
GPS Position Mismatch.,Medium
RTK signal weak. Move to an open area for takeoff or turn off RTK,Low
GPS Position Mismatch.,Medium
Home Point Recorded.,Normal
GPS Position Mismatch.,Medium
Large Wind Velocity.,Medium
Home Point recorded. Return-to-Home Altitude : 98FT,Normal
Obstacle Avoidance will be disabled in landing.,Normal
GPS Position Mismatch.,Medium
Aircraft out of Range,Medium
GPS Position Mismatch.,Medium
Current elevation above nnn. Fly with caution,Low
Taking off.,Normal
GPS Position Mismatch.,Medium
Home Point Updated.,Normal
Strong Remote Controller Interference.,Medium
Motors Started.,Normal
Strong wireless interference. Please fly with caution.,Low
Waypoint Mission Paused,Normal
Home Point Recorded.,Normal
Panorama Captured Successfully,Normal
Strong Interference Detected. Be careful when flying long distances.,Low
GPS Position Mismatch.,Medium
Strong wireless interference. Please fly with caution.,Low
Strong Interference. Fly with caution.,Low
GPS Position Mismatch.,Medium
Landing Protection Activated. Aircraft will decelerate during landing.,Normal
Precision Landing. Rectifying aircraft position.,Normal
Strong Interference Detected. Be careful when flying long distances.,Low
Compass Error. Compass data error. Please contact DJI Support,Low
Home Point Updated.,Normal
Downlink Restored (after 0m 11s).,Normal
Taking off.,Normal
Yaw Error.,Low
Obstacle Avoided. Revise Flight Route,Medium
Downlink Lost.,Low
Yaw Error.,Low
Obstacle Avoidance will be disabled in landing.,Normal
Motors Started.,Normal
Tap the screen lightly to focus.,Normal
GPS Position Mismatch.,Medium
Taking off.,Normal
Braking now! Return sticks to midpoints first.,Low
Aircraft is in QuickShot Mode. Ensure your enviornment is free of potential obstacles.,Normal
Downlink Restored (after 0m 1s).,Normal
Max Flight Distance Reached. Adjust in Main Controller Settings if necessary.,Low
High wind velocity. Fly with caution.,Medium
Taking Off.,Normal
In Flight.,Normal
Landing Protection Activated. Aircraft will decelerate during landing.,Normal
Motors Started.,Normal
Strong Interference to Aircraft. Signal interruption may be more likely. Fly with caution.,Low
Attitude is too large.,Low
"Battery communication malfunction. Reinstall battery. If the issue persists, replace battery",Medium
Attitude is too large.,Low
Compass Error. Compass Redundancy Switch,Low
GPS Position Mismatch.,Medium
Obstacle Avoidance will be disabled in landing.,Normal
GPS Position Mismatch.,Medium
GPS Position Mismatch.,Medium
Backward Obstacle Sensing is not functioning. Ambient Light is too weak,Low
Attitude is too large.,Low
Precision Landing. Rectifying aircraft position.,Normal
Subject too Large. Move Away and retry,Low
Aircraft exceeded distance limit and has exited Hyperlapse mode,Medium
Strong wireless interference. Please fly with caution.,Low
Strong Interference Detected. Be careful when flying long distances.,Low
Ground Plain. Safe to Land.,Normal
Home Point recorded. Return-to-Home Altitude : 98FT.,Normal
High wind velocity. Fly with caution and land in a safe place ASAP.,Medium
GPS Position Mismatch.,Medium
Low Power. Aircraft is returning to the Home Point.,Medium
Landing Canceled.,Normal
GPS Position Mismatch.,Medium
Taking off.,Normal
RTH Altitude : 65FT.,Normal
Weak image transmission signal. Adjust antennas,Low
GPS signal weak. Fly with caution. Aircraft in Altitude Zone. Max altitude set to nnn,Low
Failed to cancel Return to Home,Low
High wind velocity. Fly with caution.,Medium
Battery Signal Error. Check battery connection.,Medium
PalmControl in Process,Normal
GPS Position Mismatch.,Medium
Sensing system is blocked or too close to the obstacle.,Low
Camera error. AI Spot-Check failed. Restart camera,Low
GPS Position Mismatch.,Medium
GPS Position Mismatch.,Medium
Max Flight Distance Reached. Adjust in Main Controller Settings if necessary.,Low
Weak signal. Avoid blocking the antennas and keep the antennas parallel to and facing toward the aircraft during flight.,Medium
High wind velocity. Ensure the aircraft remains within your line of sight and fly with caution.,Medium
Downlink Restored (after 0m 1s).,Normal
GPS Position Mismatch.,Medium
Camera Settings ActiveTrack Optimized,Normal
Obstacle Avoidance will be disabled in landing.,Normal
Precision Landing,Normal
Max Flight Distance Reached. Adjust in Main Controller Settings if necessary.,Low
No GPS signal. Unable to hover. Fly with caution,Low
"Aircraft is in Attitude mode, so that it will not hover. Please fly with caution.",Low
Taking Off.,Normal
Motor stuck. Check for objects blocking motor or contact DJI Support for assistance ,High
GPS Position Mismatch.,Medium
GPS Position Mismatch.,Medium
SD card full. Change card or delete files,Medium
GPS Position Mismatch.,Medium
Tap the screen lightly to focus.,Normal
GPS Position Mismatch.,Medium
Data Recorder File Index is 18.,Normal
GPS Position Mismatch.,Medium
Home Point recorded. Return-to-Home Altitude : 98FT.,Normal
GPS Position Mismatch.,Medium
Low Power. Returning home.,Medium
Home Point Updated.,Normal
Home Point Recorded. RTH Altitude : 30m.,Normal
Tap Fly Flight Ended Landing Gear Lowered,Normal
GPS Position Mismatch.,Medium
Compass Error. Compass error Solution: Move away from ground magnetic interference,Low
GPS Position Mismatch.,Medium
GPS Position Mismatch.,Medium
Obstacle Sensing will be disabled when aircraft is landing. Fly with caution.,Normal
Home Point recorded. Return-to-Home Altitude : 98FT.,Normal
Precision Landing. Rectifying aircraft position.,Normal
Forward vision sensor calibration error. Auto calibration in progress,Medium
Precision Landing. Rectifying aircraft position.,Normal
GPS Position Mismatch.,Medium
Camera RCAM not connected. Image quality affected. Contact DJI Support for assistance,Low
Precision Landing,Normal
Cannot Takeoff in Travel Mode. Exit Travel Mode.,Low
Taking Off.,Normal
Restart aircraft and DJI Fly,Normal
Magnetic Filed Interference. Exit P-GPS Mode,Low
Ground Plain. Safe to Land.,Normal
Downward infrared sensor failure. Land as soon as possible,Medium
Visual positioning inaccurate. Fly with caution,Low
Switched to gimbal free mode. Use the RC to control aircraft yaw,Normal
Obstacle Avoided. Revise Flight Route,Medium
ActiveTrack Flight Paused,Low
Data Recorder File Index is 12.,Normal
GPS Position Mismatch.,Medium
High wind velocity. Ensure the aircraft remains within your line of sight and fly with caution.,Medium
Take off in P-Mode,Normal
Precision Landing. Correcting Landing Position.,Normal
Compass error Solution: Move away from ground magnetic interference,Low
GPS Position Mismatch.,Medium
Aircraft is returning to the starting point,Normal
Strong wireless interference. Please fly with caution.,Low
Home Point Recorded. RTH Altitude : 30m.,Normal
Attitude is too large. Backward Obstacle Sensing is not functioning.,Low
GPS Position Mismatch.,Medium
Data Recorder File Index is 3.,Normal
Yaw Error.,Low
Home Point Recorded. RTH Altitude : 30m.,Normal
Exited Visual Avoidance System.,Normal
Battery power limit will automatically reduce the aircraft's mobility to ensure flight safety,Medium
GPS Position Mismatch.,Medium
GPS Position Mismatch.,Medium
Data Recorder File Index is 12.,Normal
PalmControl in Process,Normal
GPS Position Mismatch.,Medium
Ambient Light is too weak.,Low
Motor error. Check propellers and fly with caution,Medium
Correcting Landing Position,Normal
Strong wireless interference. Please fly with caution.,Low
GPS Position Mismatch.,Medium
GPS Position Mismatch.,Medium
High wind velocity. Ensure the aircraft remains within your line of sight and fly with caution.,Medium
Aircraft is in QuickShot Mode. Ensure your enviornment is free of potential obstacles.,Normal
Landing Canceled.,Normal
GPS Position Mismatch.,Medium
Battery error. Aircraft returning to home automatically,Medium
Precision Landing. Correcting Landing Position.,Normal
Flight Mode Set to Attitude,Normal
Landing Gear Raised.,Normal
Downlink Restored (after 0m 1s).,Normal
Battery temperature is below 15 degrees Celsius. Warm up the battery temperature to above 25 degree Celsius to ensure a safe flight.,Medium
Impact detected. Aircraft stopped. Restart aircraft,High
Large Wind Velocity.,Medium
Obstacle Sensing will be disabled when aircraft is landing. Fly with caution.,Normal
Strong Remote Controller Interference.,Medium
Strong wireless interference. Please fly with caution.,Low
Yaw Error.,Low
Motor Obstructed. Propulsion output is limited to ensure the health of the battery,High
GPS Position Mismatch.,Medium
GPS Position Mismatch.,Medium
Taking Off.,Normal
Gimbal nnn pitch axis endpoint reached,Normal
Precision Landing. Rectifying aircraft position.,Normal
Aircraft is returning to the Home Point. RTH Altitude is 30m. You can reset the RTH Altitude in Remote Controller Settings after cancelling RTH if necessary.,Normal
GPS signal weak. Positioning accuracy affected. Fly with caution,Low
Critically Low Power. Aircraft Landing,Medium
Landing Canceled.,Normal
Motors Started.,Normal
GPS Position Mismatch.,Medium
Barometer Dead in Air,High
Object too close to laser rangefinder,Normal
Landing Gear Raising.,Normal
GPS Position Mismatch.,Medium
GPS Position Mismatch.,Medium
Braking now! Return sticks to midpoints first.,Low
Ground Plain. Safe to Land.,Normal
Large Wind Velocity.,Medium
GPS Position Mismatch.,Medium
Aircraft is returning to the Home Point. Minimum RTH Altitude is 30m. You can reset the RTH Altitude in Remote Controller Settings after cancelling RTH if necessary.,Normal
Cancel Landing Failed,Low
Taking Off.,Normal
Landing Protection Activated. Aircraft will decelerate during landing.,Normal
Live stream video frame rate less than 9Hz. Fly with caution,Low
GPS Position Mismatch.,Medium
GPS Position Mismatch.,Medium
Return-to-Home Altitude : 65FT,Normal
High wind velocity. Fly with caution.,Medium
Command Timeout,Medium
GPS Position Mismatch.,Medium
Large Wind Velocity. Fly with caution.,Medium
GPS Position Mismatch.,Medium
Cannot change current flight mode. Enable Multiple Flight Modes in Settings menu to change.,Medium
GPS Position Mismatch.,Medium
Home Point Updated.,Normal
Downward ambient light too low. Obstacle avoidance unavailable. Fly with caution. Backward ambient light too low. Backward obstacle avoidance unavailable. Only infrared sensors available. Fly with caution,Low
"High-altitude flight, aircraft braking distance is extended, flight time is shortened. Fly with caution",Low
Compass Error. Exit P-GPS Mode,High
Cannot start Self-Timer. Exposure time is too long,Low
Aircraft in high interference environment. Manually adjust flight route or return to home,Low
Set Flight Mode to GPS to fly safe,Normal
Motor is Blocked,Medium
RTH Altitude : 98FT. Data Recorder File Index is 1.,Normal
Landing Gear Lowering.,Normal
GPS Position Mismatch.,Medium
IMU not calibrated. Calibrate IMU,Low
GPS Position Mismatch.,Medium
RTH Altitude : 65FT.,Normal
The remaining battery is only enough for RTH. Return home now.,Medium
GPS Position Mismatch.,Medium
GPS Position Mismatch.,Medium
Ambient Light is too weak.,Low
GPS Position Mismatch.,Medium
Taking Off.,Normal
"Aircraft is in Attitude mode, so that it will not hover. Please fly with caution.",Low
Obstacle Sensing will be disabled when aircraft is landing. Fly with caution.,Normal
Flight Mode Set to Attitude,Normal
Yaw Error.,Low
Obstacle Avoidance Disabled.,Normal
GPS Position Mismatch.,Medium
Strong wireless interference. Please fly with caution.,Low
GPS Position Mismatch.,Medium
Take off in P-Mode,Normal
Tap the screen lightly to focus.,Normal
Battery: Overcurrent During Discharge,Medium
Yaw Error.,Low
Auxiliary Bottom Light turned on,Normal
Weak signal. Avoid blocking the antennas and keep the antennas parallel to and facing toward the aircraft during flight.,Medium
Strong Interference. Fly with caution.,Low
Satellite Positioning Off. Fly with caution.,Low
Aircraft out of Range,Medium
Mobile device CPU fully loaded. Related performance will be affected.,Medium
Yaw Error.,Low
Taking Off.,Normal
Landing gear lowered. Obstacle Avoidance Disabled.,Normal
Motor unable to rotate. Check motor,High
Set Flight Mode to GPS to fly safe,Normal
Braking now! Return sticks to midpoints first.,Low
GPS Position Mismatch.,Medium
Compass error. Ensure there are no metal or magnetic objects near the aircraft and calibrate it before use,Low
File system error. Change SD card,High
Fly with caution and ensure the aircraft remains within your line of sight.,Normal
Strong wireless interference. Please fly with caution.,Low
Battery: Low Voltage Protection,Medium
Home Point Updated.,Normal
Detecting subject,Normal
Aircraft out of Range,Medium
Strong wireless interference. Please fly with caution.,Low
GPS Position Mismatch.,Medium
GPS Position Mismatch.,Medium
Weak signal. Avoid blocking the antennas and keep the antennas parallel to and facing toward the aircraft during flight.,Medium
Attitude is too large.,Low
Home Point Updated.,Normal
Compass Error. Compass interference. Please move the aircraft away from potential interference source or calibrate the compass,Low
Home Point Updated.,Normal
GPS Position Mismatch.,Medium
GPS Position Mismatch.,Medium
Attitude is too large.,Low
"To take off in non-P mode, toggle Flight Mode Switch to another mode and then toggle it back.",Normal
GPS Position Mismatch.,Medium
GPS Position Mismatch.,Medium
Return-to-Home Altitude : 65FT,Normal
Braking now! Return sticks to midpoints first.,Low
Taking Off.,Normal
Precision Landing. Rectifying aircraft position.,Normal
High wind velocity. Ensure the aircraft remains within your line of sight and fly with caution.,Medium
GPS Position Mismatch.,Medium
GPS Position Mismatch.,Medium
GPS Position Mismatch.,Medium
Data Recorder File Index is 57.,Normal
Running Flight Simulator. Restart aircraft to take off,Normal
Home Point Recorded. RTH Altitude : 30m.,Normal
Home Point Recorded. RTH Altitude : 30m.,Normal
Landing Gear Raising.,Normal
GPS Position Mismatch.,Medium
"Compass error, calibration required",Low
GPS Position Mismatch.,Medium
GPS Position Mismatch.,Medium
GPS Position Mismatch.,Medium
Obstacle Avoidance will be disabled in landing.,Normal
Precision Landing,Normal
Maximum Flight Altitude Reached.,Low
GPS Position Mismatch.,Medium
Rectifying aircraft position,Normal
GPS Position Mismatch.,Medium
GPS Position Mismatch.,Medium
Downlink Restored (after 0m 1.1s).,Normal
Strong Interference. Fly with caution.,Low
Home Point Recorded. RTH Altitude : 30m.,Normal
