text,labels
Taking Off.,Normal
Taking Off.,Normal
Taking Off.,Normal
Taking Off.,Normal
Home Point Recorded. RTH Altitude : 30m.,Normal
Home Point Recorded. RTH Altitude : 30m.,Normal
Camera Settings Adjusted to ActiveTrack,Normal
Your palm is too far away from the aircraft. Please step closer.,Problem
Your palm is too far away from the aircraft. Please step closer.,Problem
Your palm is too close to the aircraft. Please step farther away.,Problem
PalmControl in Process,Normal
PalmControl in Process,Normal
Your palm is too close to the aircraft. Please step farther away.,Problem
Your palm is too far away from the aircraft. Please step closer.,Problem
Your palm is too close to the aircraft. Please step farther away.,Problem
PalmControl in Process,Normal
PalmControl in Process,Normal
PalmControl in Process,Normal
PalmControl in Process,Normal
Camera Settings Adjusted to ActiveTrack,Normal
Drag a box around or tap a target on screen. Then tap Go.,Normal
Camera Settings Adjusted to ActiveTrack,Normal
Drag a box around or tap a target on screen. Then tap Go.,Normal
Cannot Identify Subject,Problem
Taking Off.,Normal
Taking Off.,Normal
Compass Interference. Temp Max Altitude : 98ft,Problem
Taking Off.,Normal
Taking Off.,Normal
Taking Off.,Normal
Taking Off.,Normal
Taking Off.,Normal
Taking Off.,Normal
Home Point Recorded. RTH Altitude : 30m.,Normal
Home Point Recorded. RTH Altitude : 30m.,Normal
Obstacle Avoidance will be disabled in landing.,Normal
Taking Off.,Normal
Taking Off.,Normal
Home Point Recorded. RTH Altitude : 30m.,Normal
Obstacle Avoided. Revise Flight Route,Problem
Take off and retry this function.,Problem
"Aircraft is in Attitude mode, so that it will not hover. Please fly with caution.",Problem
"Aircraft is in Attitude mode, so that it will not hover. Please fly with caution.",Problem
"Aircraft is in Attitude mode, so that it will not hover. Please fly with caution.",Problem
"Aircraft is in Attitude mode, so that it will not hover. Please fly with caution.",Problem
Battery temperature is below 15 degrees Celsius. Warm up the battery temperature to above 25 degree Celsius to ensure a safe flight.,Problem
Return-to-Home Altitude : 65FT,Normal
Taking Off.,Normal
Landing Gear Raising.,Normal
Landing Gear Raised.,Normal
Landing.,Normal
Landing Gear Lowering.,Normal
Landing Gear Lowered.,Normal
Data Recorder File Index is 13.,Normal
Battery temperature is below 15 degrees Celsius. Warm up the battery temperature to above 25 degree Celsius to ensure a safe flight.,Problem
RTH Altitude : 65FT.,Normal
Taking off.,Normal
Landing Gear Raising.,Normal
Landing Gear Raised.,Normal
Landing.,Normal
Landing Gear Lowering.,Normal
Landing Gear Lowered.,Normal
"Aircraft is in Attitude mode, so that it will not hover. Please fly with caution.",Problem
Home Point Recorded.,Normal
Home Point Recorded.,Normal
Return-to-Home Altitude : 65FT,Normal
Landing Gear Raising.,Normal
Landing Gear Raised.,Normal
Landing Gear Lowering.,Normal
Landing Gear Lowered.,Normal
Landing Gear Raising.,Normal
Landing Gear Paused.,Normal
"Aircraft is in Attitude mode, so that it will not hover. Please fly with caution.",Problem
Data Recorder File Index is 21.,Normal
Home Point Recorded.,Normal
Home Point Updated.,Normal
RTH Altitude : 65FT.,Normal
Landing Gear Raising.,Normal
Landing Gear Raised.,Normal
Downlink Lost.,Problem
Landing Gear Lowering.,Normal
Landing Gear Lowered.,Normal
"Aircraft is in Attitude mode, so that it will not hover. Please fly with caution.",Problem
Home Point Recorded.,Normal
Home Point Recorded.,Normal
Landing Gear Raising.,Normal
Landing Gear Raised.,Normal
Landing Gear Lowering.,Normal
Landing Gear Lowered.,Normal
Landing Gear Raising.,Normal
Landing Gear Paused.,Normal
"Aircraft is in Attitude mode, so that it will not hover. Please fly with caution.",Problem
Landing Gear Raising.,Normal
Landing Gear Raised.,Normal
Command Timeout,Problem
Low Power. Aircraft is returning to the Home Point.,Problem
Low Power. Aircraft is returning to the Home Point.,Problem
Landing Gear Lowering.,Normal
Landing Gear Lowered.,Normal
Landing Gear Raising.,Normal
Landing Gear Raised.,Normal
Command Timeout,Problem
Low Power. Aircraft is returning to the Home Point.,Problem
Low Power. Aircraft is returning to the Home Point.,Problem
Landing Gear Lowering.,Normal
Landing Gear Lowered.,Normal
Data Recorder File Index is 8.,Normal
Home Point Updated.,Normal
Exited Visual Avoidance System.,Normal
Motors Started.,Normal
Landing Gear Raising.,Normal
Landing Gear Raised.,Normal
Aircraft is returning to the Home Point. Minimum RTH Altitude is 30m. You can reset the RTH Altitude in Remote Controller Settings after cancelling RTH if necessary.,Normal
Landing Gear Lowering.,Normal
Landing Gear Lowered.,Normal
Strong wireless interference. Please fly with caution. Obstacle Avoidance Disabled. Landing gear lowered. Obstacle Avoidance Disabled.,Problem
GPS Position Mismatch.,Problem
GPS Position Mismatch.,Problem
GPS Position Mismatch.,Problem
GPS Position Mismatch.,Problem
GPS Position Mismatch.,Problem
GPS Position Mismatch.,Problem
GPS Position Mismatch.,Problem
GPS Position Mismatch.,Problem
GPS Position Mismatch.,Problem
GPS Position Mismatch.,Problem
GPS Position Mismatch.,Problem
GPS Position Mismatch.,Problem
GPS Position Mismatch.,Problem
GPS Position Mismatch.,Problem
GPS Position Mismatch.,Problem
GPS Position Mismatch.,Problem
GPS Position Mismatch.,Problem
GPS Position Mismatch.,Problem
GPS Position Mismatch.,Problem
GPS Position Mismatch.,Problem
GPS Position Mismatch.,Problem
GPS Position Mismatch.,Problem
GPS Position Mismatch.,Problem
GPS Position Mismatch.,Problem
GPS Position Mismatch.,Problem
GPS Position Mismatch.,Problem
GPS Position Mismatch.,Problem
GPS Position Mismatch.,Problem
GPS Position Mismatch.,Problem
GPS Position Mismatch.,Problem
GPS Position Mismatch.,Problem
GPS Position Mismatch.,Problem
Strong wireless interference. Please fly with caution.,Problem
GPS Position Mismatch.,Problem
GPS Position Mismatch.,Problem
GPS Position Mismatch.,Problem
GPS Position Mismatch.,Problem
GPS Position Mismatch.,Problem
GPS Position Mismatch.,Problem
GPS Position Mismatch.,Problem
GPS Position Mismatch.,Problem
Strong wireless interference. Please fly with caution.,Problem
Obstacle Avoidance Disabled. Landing gear lowered. Obstacle Avoidance Disabled.,Normal
Data Recorder File Index is 8.,Normal
Obstacle Avoidance Disabled. Landing gear lowered. Obstacle Avoidance Disabled.,Normal
Strong wireless interference. Please fly with caution.,Problem
Strong wireless interference. Please fly with caution.,Problem
Obstacle Avoidance Disabled.,Normal
Landing gear lowered. Obstacle Avoidance Disabled.,Normal
Landing Gear Raising.,Normal
Landing Gear Raised.,Normal
Motors Started.,Normal
Strong wireless interference. Please fly with caution.,Problem
Strong wireless interference. Please fly with caution.,Problem
Landing Gear Lowering.,Normal
Landing Gear Lowered.,Normal
Home Point Recorded. RTH Altitude : 30m.,Normal
Landing gear lowered. Obstacle Avoidance Disabled.,Normal
Aircraft is returning to the Home Point. Minimum RTH Altitude is 30m. You can reset the RTH Altitude in Remote Controller Settings after cancelling RTH.,Normal
Obstacle Avoidance will be disabled in landing.,Normal
Landing gear lowered. Obstacle Avoidance Disabled.,Normal
Landing Protection Activated. Aircraft will decelerate during landing.,Normal
Ground Plain. Safe to Land.,Normal
Taking Off.,Normal
Taking Off.,Normal
Home Point Recorded. RTH Altitude : 30m.,Normal
Fly with caution and ensure the aircraft remains within your line of sight.,Problem
Fly with caution and ensure the aircraft remains within your line of sight.,Problem
Image Transmission Recovered. Aircraft is returning home.,Normal
Obstacle Avoidance will be disabled in landing.,Normal
Landing gear lowered. Obstacle Avoidance Disabled.,Normal
Landing Protection Activated. Aircraft will decelerate during landing.,Normal
Ground Plain. Safe to Land.,Normal
Strong wireless interference. Please fly with caution.,Problem
Strong wireless interference. Please fly with caution.,Problem
Motors Started.,Normal
Obstacle Avoidance Disabled.,Normal
Landing gear lowered. Obstacle Avoidance Disabled.,Normal
Landing Gear Raising.,Normal
"Home Point Recorded, Return-to-Home Altitude : 98FT",Normal
Landing Gear Raised.,Normal
Strong wireless interference. Please fly with caution.,Problem
Strong wireless interference. Please fly with caution.,Problem
Large Wind Velocity. Fly with caution.,Problem
Large Wind Velocity. Fly with caution.,Problem
Large Wind Velocity. Fly with caution.,Problem
Magnetic Filed Interference. Exit P-GPS Mode,Problem
Data Recorder File Index is 5.,Normal
Motors Started.,Normal
Motors Started.,Normal
Downlink Lost.,Problem
Downlink Restored (after 0m 1.5s).,Normal
Obstacle Avoidance Disabled. Landing gear lowered. Obstacle Avoidance Disabled.,Normal
Landing Gear Raising. Home Point Recorded,Normal
Return-to-Home Altitude : 98FT.,Normal
Home Point Updated.,Normal
Landing Gear Raised.,Normal
Strong wireless interference. Please fly with caution.,Problem
GPS Position Mismatch.,Problem
GPS Position Mismatch.,Problem
GPS Position Mismatch.,Problem
GPS Position Mismatch.,Problem
GPS Position Mismatch.,Problem
GPS Position Mismatch.,Problem
GPS Position Mismatch.,Problem
GPS Position Mismatch.,Problem
GPS Position Mismatch.,Problem
GPS Position Mismatch.,Problem
GPS Position Mismatch.,Problem
GPS Position Mismatch.,Problem
Strong wireless interference. Please fly with caution.,Problem
Downlink Lost.,Problem
GPS Position Mismatch.,Problem
GPS Position Mismatch.,Problem
GPS Position Mismatch.,Problem
GPS Position Mismatch.,Problem
GPS Position Mismatch.,Problem
GPS Position Mismatch.,Problem
GPS Position Mismatch.,Problem
GPS Position Mismatch.,Problem
GPS Position Mismatch.,Problem
GPS Position Mismatch.,Problem
GPS Position Mismatch.,Problem
GPS Position Mismatch.,Problem
GPS Position Mismatch.,Problem
Large Wind Velocity.,Problem
Large Wind Velocity.,Problem
Large Wind Velocity.,Problem
Yaw Error.,Problem
Yaw Error.,Problem
Yaw Error.,Problem
Yaw Error.,Problem
Yaw Error.,Problem
Yaw Error.,Problem
Yaw Error.,Problem
Yaw Error.,Problem
Yaw Error.,Problem
Yaw Error.,Problem
Yaw Error.,Problem
Yaw Error.,Problem
Yaw Error.,Problem
Yaw Error.,Problem
Yaw Error.,Problem
Yaw Error.,Problem
Yaw Error.,Problem
Magnetic Filed Interference. Exit P-GPS Mode. Yaw Error.,Problem
Yaw Error.,Problem
Yaw Error.,Problem
Yaw Error.,Problem
Yaw Error.,Problem
Yaw Error.,Problem
Yaw Error.,Problem
Yaw Error.,Problem
Yaw Error.,Problem
Yaw Error.,Problem
Yaw Error.,Problem
GPS Position Mismatch.,Problem
GPS Position Mismatch.,Problem
GPS Position Mismatch.,Problem
GPS Position Mismatch.,Problem
GPS Position Mismatch.,Problem
GPS Position Mismatch.,Problem
GPS Position Mismatch.,Problem
GPS Position Mismatch.,Problem
Downlink Lost.,Problem
Downlink Lost.,Problem
Taking Off.,Normal
Taking Off.,Normal
Home Point Recorded. RTH Altitude : 30m.,Normal
Landing gear lowered. Obstacle Avoidance Disabled.,Normal
Current RTH route will pass a No-Fly zone. Pay attention to the aircraft's position to avoid RTH failure.,Problem
Compass Error. Exit P-GPS Mode,Problem
In Flight.,Normal
Max Flight Distance Reached. Adjust in Main Controller Settings if necessary.,Problem
The remaining battery is only enough for RTH. Return home now.,Problem
Low Power. Aircraft is returning to the Home Point.,Problem
Fly with caution and ensure the aircraft remains within your line of sight.,Problem
The remaining battery is only enough for RTH. Return home now.,Problem
Obstacle Avoidance will be disabled in landing.,Normal
Landing gear lowered. Obstacle Avoidance Disabled.,Normal
Landing Protection Activated. Aircraft will decelerate during landing.,Normal
Ground Plain. Safe to Land.,Normal
Taking Off.,Normal
Taking Off.,Normal
Home Point Recorded. RTH Altitude : 30m.,Normal
Landing gear lowered. Obstacle Avoidance Disabled.,Normal
Max Flight Altitude Reached. Adjust in Main Controller Settings if necessary,Problem
Subject too Small. Get Closer and retry,Problem
Max Flight Distance Reached. Adjust in Main Controller Settings if necessary.,Problem
Aircraft is returning to the Home Point. Minimum RTH Altitude is 30m. You can reset the RTH Altitude in Remote Controller Settings after cancelling RTH.,Normal
Max Flight Altitude Reached. Adjust in Main Controller Settings if necessary,Problem
Obstacle Avoidance will be disabled in landing.,Normal
Landing gear lowered. Obstacle Avoidance Disabled.,Normal
Landing Protection Activated. Aircraft will decelerate during landing.,Normal
Ground Plain. Safe to Land.,Normal
Taking Off.,Normal
Taking Off.,Normal
Home Point Recorded. RTH Altitude : 30m.,Normal
Landing gear lowered. Obstacle Avoidance Disabled.,Normal
Aircraft close to Home Point. go home shifts to landing.,Normal
Obstacle Avoidance will be disabled in landing.,Normal
Landing gear lowered. Obstacle Avoidance Disabled.,Normal
Landing Protection Activated. Aircraft will decelerate during landing.,Normal
Landing Canceled.,Normal
Aircraft close to Home Point. go home shifts to landing.,Normal
Obstacle Avoidance will be disabled in landing.,Normal
Landing Protection Activated. Aircraft will decelerate during landing.,Normal
Landing gear lowered. Obstacle Avoidance Disabled.,Normal
Obstacle Avoidance will be disabled in landing.,Normal
Landing.,Normal
Landing Protection Activated. Aircraft will decelerate during landing.,Normal
Landing gear lowered. Obstacle Avoidance Disabled.,Normal
Ground Plain. Safe to Land.,Normal
Obstacle Avoidance disabled.,Normal
Landing gear lowered. Obstacle Avoidance has been disabled.,Normal
Landing Gear Raising.,Normal
Landing Gear Raised.,Normal
Gimbal Pitch Limit Reached.,Problem
Gimbal Roll Limit Reached.,Problem
Gimbal Pitch Limit Reached.,Problem
Obstacle Sensing will be disabled when aircraft is landing. Fly with caution.,Problem
Landing Gear Lowering.,Normal
Obstacle Avoidance disabled.,Normal
Landing gear lowered. Obstacle Avoidance has been disabled.,Normal
Landing Gear Lowered.,Normal
Data Recorder File Index is 30.,Normal
Home Point Updated.,Normal
Obstacle Avoidance disabled. Landing gear lowered. Obstacle Avoidance has been disabled.,Normal
Landing Gear Raising.,Normal
Landing Gear Raised.,Normal
Gimbal Pitch Limit Reached.,Problem
GPS Position Mismatch.,Problem
GPS Position Mismatch.,Problem
GPS Position Mismatch.,Problem
GPS Position Mismatch.,Problem
GPS Position Mismatch.,Problem
GPS Position Mismatch.,Problem
GPS Position Mismatch.,Problem
GPS Position Mismatch.,Problem
GPS Position Mismatch.,Problem
GPS Position Mismatch.,Problem
GPS Position Mismatch.,Problem
GPS Position Mismatch.,Problem
GPS Position Mismatch.,Problem
GPS Position Mismatch.,Problem
GPS Position Mismatch.,Problem
GPS Position Mismatch.,Problem
GPS Position Mismatch.,Problem
GPS Position Mismatch.,Problem
GPS Position Mismatch.,Problem
GPS Position Mismatch.,Problem
GPS Position Mismatch.,Problem
GPS Position Mismatch.,Problem
GPS Position Mismatch.,Problem
GPS Position Mismatch.,Problem
GPS Position Mismatch.,Problem
GPS Position Mismatch.,Problem
GPS Position Mismatch.,Problem
GPS Position Mismatch.,Problem
GPS Position Mismatch.,Problem
GPS Position Mismatch.,Problem
GPS Position Mismatch.,Problem
GPS Position Mismatch.,Problem
GPS Position Mismatch.,Problem
GPS Position Mismatch.,Problem
GPS Position Mismatch.,Problem
GPS Position Mismatch.,Problem
GPS Position Mismatch.,Problem
GPS Position Mismatch.,Problem
GPS Position Mismatch.,Problem
GPS Position Mismatch.,Problem
GPS Position Mismatch.,Problem
GPS Position Mismatch.,Problem
GPS Position Mismatch.,Problem
GPS Position Mismatch.,Problem
GPS Position Mismatch.,Problem
GPS Position Mismatch.,Problem
GPS Position Mismatch.,Problem
GPS Position Mismatch.,Problem
GPS Position Mismatch.,Problem
GPS Position Mismatch.,Problem
GPS Position Mismatch.,Problem
GPS Position Mismatch.,Problem
GPS Position Mismatch.,Problem
GPS Position Mismatch.,Problem
GPS Position Mismatch.,Problem
GPS Position Mismatch.,Problem
GPS Position Mismatch.,Problem
GPS Position Mismatch.,Problem
GPS Position Mismatch.,Problem
GPS Position Mismatch.,Problem
GPS Position Mismatch.,Problem
GPS Position Mismatch.,Problem
GPS Position Mismatch.,Problem
GPS Position Mismatch.,Problem
GPS Position Mismatch.,Problem
GPS Position Mismatch.,Problem
GPS Position Mismatch.,Problem
GPS Position Mismatch.,Problem
GPS Position Mismatch.,Problem
GPS Position Mismatch.,Problem
GPS Position Mismatch.,Problem
GPS Position Mismatch.,Problem
GPS Position Mismatch.,Problem
GPS Position Mismatch.,Problem
GPS Position Mismatch.,Problem
GPS Position Mismatch.,Problem
GPS Position Mismatch.,Problem
GPS Position Mismatch.,Problem
GPS Position Mismatch.,Problem
GPS Position Mismatch.,Problem
GPS Position Mismatch.,Problem
GPS Position Mismatch.,Problem
GPS Position Mismatch.,Problem
GPS Position Mismatch.,Problem
GPS Position Mismatch.,Problem
GPS Position Mismatch.,Problem
GPS Position Mismatch.,Problem
GPS Position Mismatch.,Problem
GPS Position Mismatch.,Problem
GPS Position Mismatch.,Problem
GPS Position Mismatch.,Problem
GPS Position Mismatch.,Problem
GPS Position Mismatch.,Problem
GPS Position Mismatch.,Problem
GPS Position Mismatch.,Problem
GPS Position Mismatch.,Problem
GPS Position Mismatch.,Problem
GPS Position Mismatch.,Problem
GPS Position Mismatch.,Problem
GPS Position Mismatch.,Problem
GPS Position Mismatch.,Problem
GPS Position Mismatch.,Problem
GPS Position Mismatch.,Problem
GPS Position Mismatch.,Problem
GPS Position Mismatch.,Problem
GPS Position Mismatch.,Problem
GPS Position Mismatch.,Problem
GPS Position Mismatch.,Problem
GPS Position Mismatch.,Problem
GPS Position Mismatch.,Problem
GPS Position Mismatch.,Problem
GPS Position Mismatch.,Problem
GPS Position Mismatch.,Problem
GPS Position Mismatch.,Problem
GPS Position Mismatch.,Problem
GPS Position Mismatch.,Problem
GPS Position Mismatch.,Problem
GPS Position Mismatch.,Problem
GPS Position Mismatch.,Problem
GPS Position Mismatch.,Problem
GPS Position Mismatch.,Problem
GPS Position Mismatch.,Problem
GPS Position Mismatch.,Problem
GPS Position Mismatch.,Problem
GPS Position Mismatch.,Problem
GPS Position Mismatch.,Problem
GPS Position Mismatch.,Problem
GPS Position Mismatch.,Problem
GPS Position Mismatch.,Problem
GPS Position Mismatch.,Problem
GPS Position Mismatch.,Problem
GPS Position Mismatch.,Problem
GPS Position Mismatch.,Problem
GPS Position Mismatch.,Problem
GPS Position Mismatch.,Problem
GPS Position Mismatch.,Problem
GPS Position Mismatch.,Problem
GPS Position Mismatch.,Problem
GPS Position Mismatch.,Problem
GPS Position Mismatch.,Problem
GPS Position Mismatch.,Problem
GPS Position Mismatch.,Problem
GPS Position Mismatch.,Problem
GPS Position Mismatch.,Problem
GPS Position Mismatch.,Problem
GPS Position Mismatch.,Problem
GPS Position Mismatch.,Problem
GPS Position Mismatch.,Problem
GPS Position Mismatch.,Problem
GPS Position Mismatch.,Problem
GPS Position Mismatch.,Problem
GPS Position Mismatch.,Problem
GPS Position Mismatch.,Problem
GPS Position Mismatch.,Problem
GPS Position Mismatch.,Problem
GPS Position Mismatch.,Problem
GPS Position Mismatch.,Problem
GPS Position Mismatch.,Problem
GPS Position Mismatch.,Problem
GPS Position Mismatch.,Problem
GPS Position Mismatch.,Problem
GPS Position Mismatch.,Problem
GPS Position Mismatch.,Problem
GPS Position Mismatch.,Problem
GPS Position Mismatch.,Problem
GPS Position Mismatch.,Problem
GPS Position Mismatch.,Problem
GPS Position Mismatch.,Problem
GPS Position Mismatch.,Problem
GPS Position Mismatch.,Problem
GPS Position Mismatch.,Problem
GPS Position Mismatch.,Problem
GPS Position Mismatch.,Problem
GPS Position Mismatch.,Problem
GPS Position Mismatch.,Problem
GPS Position Mismatch.,Problem
GPS Position Mismatch.,Problem
GPS Position Mismatch.,Problem
GPS Position Mismatch.,Problem
GPS Position Mismatch.,Problem
GPS Position Mismatch.,Problem
GPS Position Mismatch.,Problem
GPS Position Mismatch.,Problem
GPS Position Mismatch.,Problem
GPS Position Mismatch.,Problem
GPS Position Mismatch.,Problem
GPS Position Mismatch.,Problem
GPS Position Mismatch.,Problem
Gimbal Roll Limit Reached.,Problem
Gimbal Pitch Limit Reached.,Problem
Gimbal Pitch Limit Reached.,Problem
Gimbal Pitch Limit Reached.,Problem
Obstacle Sensing will be disabled when aircraft is landing. Fly with caution.,Problem
Landing Gear Lowering.,Normal
Obstacle Avoidance disabled. Landing gear lowered. Obstacle Avoidance has been disabled.,Normal
Landing Gear Lowered.,Normal
Home Point Recorded. RTH Altitude : 30m.,Normal
Landing gear lowered. Obstacle Avoidance Disabled.,Normal
Gimbal Pitch Reached Movement Limit,Problem
Landing gear lowered. Obstacle Avoidance Disabled.,Normal
Weak GPS signal. Aircraft is in Attitude mode and hovering may be unstable. Fly with caution.,Problem
Gimbal Yaw Limit Reached,Problem
Gimbal Pitch Limit Reached.,Problem
Gimbal Yaw Limit Reached,Problem
Data Recorder File Index is 13.,Normal
Data Recorder File Index is 17.,Normal
Home Point Updated.,Normal
GPS Position Mismatch.,Problem
GPS Position Mismatch.,Problem
GPS Position Mismatch.,Problem
GPS Position Mismatch.,Problem
GPS Position Mismatch.,Problem
GPS Position Mismatch.,Problem
GPS Position Mismatch.,Problem
GPS Position Mismatch.,Problem
GPS Position Mismatch.,Problem
GPS Position Mismatch.,Problem
GPS Position Mismatch.,Problem
GPS Position Mismatch.,Problem
GPS Position Mismatch.,Problem
GPS Position Mismatch.,Problem
GPS Position Mismatch.,Problem
"Cannot switch flight mode. Turn on ""Multiple Flight Modes"" to enable Atti and Sport Modes.",Problem
Data Recorder File Index is 18.,Normal
Home Point Updated.,Normal
Data Recorder File Index is 18.,Normal
Home Point Updated.,Normal
Data Recorder File Index is 19.,Normal
Data Recorder File Index is 19.,Normal
Data Recorder File Index is 19.,Normal
Home Point Updated.,Normal
Data Recorder File Index is 19.,Normal
Home Point Updated.,Normal
Data Recorder File Index is 19.,Normal
Data Recorder File Index is 3.,Normal
Remote controller assisted takeoff initiated.,Normal
Data Recorder File Index is 3.,Normal
Remote controller assisted takeoff initiated.,Normal
Data Recorder File Index is 7.,Normal
Remote controller assisted takeoff initiated.,Normal
Home Point Updated.,Normal
Home Point recorded. Return-to-Home Altitude : 98FT.,Normal
Propulsion output has been limited to ensure battery health.,Problem
GPS Position Mismatch.,Problem
GPS Position Mismatch.,Problem
GPS Position Mismatch.,Problem
GPS Position Mismatch.,Problem
GPS Position Mismatch.,Problem
GPS Position Mismatch.,Problem
GPS Position Mismatch.,Problem
GPS Position Mismatch.,Problem
GPS Position Mismatch.,Problem
GPS Position Mismatch.,Problem
GPS Position Mismatch.,Problem
GPS Position Mismatch.,Problem
GPS Position Mismatch.,Problem
GPS Position Mismatch.,Problem
GPS Position Mismatch.,Problem
GPS Position Mismatch.,Problem
GPS Position Mismatch.,Problem
GPS Position Mismatch.,Problem
GPS Position Mismatch.,Problem
GPS Position Mismatch.,Problem
GPS Position Mismatch.,Problem
GPS Position Mismatch.,Problem
GPS Position Mismatch.,Problem
GPS Position Mismatch.,Problem
Obstacle Sensing will be disabled when aircraft is landing. Fly with caution.,Problem
Aircraft is close to the Home Point. Initiating Return to Home will now trigger Auto Landing.,Normal
Intelligent Flight Modes have not been enabled. Enable this option in Main Controller Settings if needed.,Problem
Intelligent Flight Modes have not been enabled. Enable this option in Main Controller Settings if needed.,Problem
Remote controller assisted takeoff initiated.,Normal
Remote controller assisted takeoff initiated.,Normal
Gimbal Yaw Limit Reached,Problem
Gimbal Yaw Limit Reached,Problem
Gimbal Yaw Limit Reached,Problem
Home Point recorded. Return-to-Home Altitude : 98FT,Normal
Remote controller assisted takeoff initiated.,Normal
Home Point recorded. Return-to-Home Altitude : 98FT,Normal
Propulsion output has been limited to ensure battery health.,Problem
Aircraft is close to the Home Point. Initiating Return to Home will now trigger Auto Landing.,Normal
Obstacle Sensing will be disabled when aircraft is landing. Fly with caution.,Problem
Gimbal Pitch Limit Reached.,Problem
"Aircraft is in Attitude mode, so that it will not hover. Please fly with caution.",Problem
Taking Off.,Normal
Return-to-Home Altitude : 65FT,Normal
"Cannot switch flight mode. Turn on ""Multiple Flight Modes"" to enable Atti and Sport Modes",Problem
Large Wind Velocity. Fly with caution.,Problem
Large Wind Velocity. Fly with caution.,Problem
Large Wind Velocity. Fly with caution.,Problem
Large Wind Velocity. Fly with caution.,Problem
Landing.,Normal
Data Recorder File Index is 65.,Normal
Taking off.,Normal
RTH Altitude : 65FT.,Normal
Home Point Updated.,Normal
"Cannot switch flight mode. Turn on ""Multiple Flight Modes"" to enable Atti and Sport Modes.",Problem
"Cannot switch flight mode. Turn on ""Multiple Flight Modes"" to enable Atti and Sport Modes.",Problem
GPS Position Mismatch.,Problem
GPS Position Mismatch.,Problem
GPS Position Mismatch.,Problem
GPS Position Mismatch.,Problem
GPS Position Mismatch.,Problem
GPS Position Mismatch.,Problem
GPS Position Mismatch.,Problem
GPS Position Mismatch.,Problem
GPS Position Mismatch.,Problem
GPS Position Mismatch.,Problem
GPS Position Mismatch.,Problem
GPS Position Mismatch.,Problem
GPS Position Mismatch.,Problem
GPS Position Mismatch.,Problem
Large Wind Velocity.,Problem
GPS Position Mismatch.,Problem
GPS Position Mismatch.,Problem
GPS Position Mismatch.,Problem
GPS Position Mismatch.,Problem
GPS Position Mismatch.,Problem
GPS Position Mismatch.,Problem
GPS Position Mismatch.,Problem
GPS Position Mismatch.,Problem
GPS Position Mismatch.,Problem
GPS Position Mismatch.,Problem
Large Wind Velocity.,Problem
Large Wind Velocity.,Problem
GPS Position Mismatch.,Problem
GPS Position Mismatch.,Problem
GPS Position Mismatch.,Problem
GPS Position Mismatch.,Problem
GPS Position Mismatch.,Problem
GPS Position Mismatch.,Problem
GPS Position Mismatch.,Problem
GPS Position Mismatch.,Problem
GPS Position Mismatch.,Problem
GPS Position Mismatch.,Problem
GPS Position Mismatch.,Problem
GPS Position Mismatch.,Problem
GPS Position Mismatch.,Problem
GPS Position Mismatch.,Problem
GPS Position Mismatch.,Problem
GPS Position Mismatch.,Problem
GPS Position Mismatch.,Problem
GPS Position Mismatch.,Problem
GPS Position Mismatch.,Problem
GPS Position Mismatch.,Problem
GPS Position Mismatch.,Problem
GPS Position Mismatch.,Problem
GPS Position Mismatch.,Problem
GPS Position Mismatch.,Problem
GPS Position Mismatch.,Problem
GPS Position Mismatch.,Problem
GPS Position Mismatch.,Problem
GPS Position Mismatch.,Problem
GPS Position Mismatch.,Problem
GPS Position Mismatch.,Problem
GPS Position Mismatch.,Problem
GPS Position Mismatch.,Problem
GPS Position Mismatch.,Problem
GPS Position Mismatch.,Problem
GPS Position Mismatch.,Problem
GPS Position Mismatch.,Problem
GPS Position Mismatch.,Problem
GPS Position Mismatch.,Problem
GPS Position Mismatch.,Problem
GPS Position Mismatch.,Problem
GPS Position Mismatch.,Problem
GPS Position Mismatch.,Problem
GPS Position Mismatch.,Problem
GPS Position Mismatch.,Problem
GPS Position Mismatch.,Problem
GPS Position Mismatch.,Problem
Large Wind Velocity.,Problem
Landing.,Normal
Fly with caution and ensure the aircraft remains within your line of sight.,Problem
Fly with caution and ensure the aircraft remains within your line of sight.,Problem
Fly with caution and ensure the aircraft remains within your line of sight.,Problem
Fly with caution and ensure the aircraft remains within your line of sight.,Problem
Fly with caution and ensure the aircraft remains within your line of sight.,Problem
Landing.,Normal
"Aircraft is in Attitude mode, so that it will not hover. Please fly with caution.",Problem
"Aircraft is in Attitude mode, so that it will not hover. Please fly with caution.",Problem
"Aircraft is in Attitude mode, so that it will not hover. Please fly with caution.",Problem
Mobile device version too old to support HD image transmission and the image transmission mode has been switch to normal mode.,Problem
Home Point recorded. Return-to-Home Altitude : 98FT,Normal
Strong Remote Controller Interference.,Problem
"Braking now. Return sticks to midpoints, then continue flying.",Problem
Strong Remote Controller Interference.,Problem
Strong Remote Controller Interference.,Problem
Strong Remote Controller Interference.,Problem
Home Point recorded. Return-to-Home Altitude : 98FT,Normal
Weak signal. Avoid blocking the antennas and keep the antennas parallel to and facing toward the aircraft during flight.,Problem
Weak signal. Avoid blocking the antennas and keep the antennas parallel to and facing toward the aircraft during flight.,Problem
Strong Remote Controller Interference.,Problem
Data Recorder File Index is 12.,Normal
Home Point Updated.,Normal
Home Point recorded. Return-to-Home Altitude : 98FT.,Normal
Strong Remote Controller Interference.,Problem
"Braking now. Return sticks to midpoints, then continue flying.",Problem
Strong Remote Controller Interference.,Problem
Strong Remote Controller Interference.,Problem
Strong Remote Controller Interference.,Problem
Data Recorder File Index is 12.,Normal
Home Point Updated.,Normal
Home Point recorded. Return-to-Home Altitude : 98FT.,Normal
Weak signal. Avoid blocking the antennas and keep the antennas parallel to and facing toward the aircraft during flight.,Problem
Weak signal. Avoid blocking the antennas and keep the antennas parallel to and facing toward the aircraft during flight.,Problem
Strong Remote Controller Interference.,Problem
Home Point Recorded. RTH Altitude : 30m.,Normal
Tap the screen lightly to focus.,Normal
Mobile device CPU fully loaded. Related performance will be affected.,Problem
Obstacle Avoided. Revise Flight Route,Problem
Attitude is too large.,Problem
"Aircraft is in Attitude mode, so that it will not hover. Please fly with caution.",Problem
Home Point Recorded.,Normal
Taking Off.,Normal
Return-to-Home Altitude : 65FT,Normal
Home Point Recorded.,Normal
Large Wind Velocity. Fly with caution.,Problem
Landing.,Normal
Weak GPS signal. Aircraft is in Attitude mode and hovering may be unstable. Fly with caution.,Problem
Tap the screen to focus.,Normal
Obstacle Sensing will be disabled when aircraft is landing. Fly with caution.,Problem
SD card write speed is too slow. Not suitable for shooting a 4K video.,Problem
Maximum flight distance reached. Adjust the distance in MC Settings if required.,Problem
Weak signal. Avoid blocking the antennas and keep the antennas parallel to and facing toward the aircraft during flight.,Problem
High wind velocity. Ensure the aircraft remains within your line of sight and fly with caution.,Problem
Maximum flight distance reached. Adjust the distance in MC Settings if required.,Problem
Obstacle Sensing will be disabled when aircraft is landing. Fly with caution.,Problem
Backward Obstacle Sensing is not functioning.,Problem
Sensing system is blocked or too close to the obstacle.,Problem
Weak GPS signal. Aircraft is in Attitude mode and hovering may be unstable. Fly with caution.,Problem
Mobile device version too old to support HD image transmission and the image transmission mode has been switch to normal mode.,Problem
Home Point recorded. Return-to-Home Altitude : 98FT,Normal
Weak signal. Avoid blocking the antennas and keep the antennas parallel to and facing toward the aircraft during flight.,Problem
Intelligent Flight Modes have not been enabled. Enable this option in Main Controller Settings if needed.,Problem
Maximum flight distance reached. Adjust the distance in MC Settings if required.,Problem
"To take off in non-P mode, toggle Flight Mode Switch to another mode and then toggle it back.",Normal
Switched to P (Positioning)-mode.,Normal
Switched to T (Tripod)-mode.,Normal
Switched to P (Positioning)-mode.,Normal
Switched to S (Sport)-mode.,Normal
Weak signal. Avoid blocking the antennas and keep the antennas parallel to and facing toward the aircraft during flight.,Problem
Data Recorder File Index is 46.,Normal
RTH Altitude : 65FT.,Normal
Taking off.,Normal
Home Point Recorded.,Normal
Home Point Updated.,Normal
GPS Position Mismatch.,Problem
GPS Position Mismatch.,Problem
GPS Position Mismatch.,Problem
GPS Position Mismatch.,Problem
GPS Position Mismatch.,Problem
GPS Position Mismatch.,Problem
GPS Position Mismatch.,Problem
GPS Position Mismatch.,Problem
GPS Position Mismatch.,Problem
GPS Position Mismatch.,Problem
GPS Position Mismatch.,Problem
GPS Position Mismatch.,Problem
GPS Position Mismatch.,Problem
GPS Position Mismatch.,Problem
GPS Position Mismatch.,Problem
GPS Position Mismatch.,Problem
Large Wind Velocity.,Problem
GPS Position Mismatch.,Problem
GPS Position Mismatch.,Problem
GPS Position Mismatch.,Problem
GPS Position Mismatch.,Problem
GPS Position Mismatch.,Problem
GPS Position Mismatch.,Problem
GPS Position Mismatch.,Problem
GPS Position Mismatch.,Problem
GPS Position Mismatch.,Problem
GPS Position Mismatch.,Problem
GPS Position Mismatch.,Problem
GPS Position Mismatch.,Problem
GPS Position Mismatch.,Problem
GPS Position Mismatch.,Problem
GPS Position Mismatch.,Problem
GPS Position Mismatch.,Problem
GPS Position Mismatch.,Problem
GPS Position Mismatch.,Problem
GPS Position Mismatch.,Problem
GPS Position Mismatch.,Problem
GPS Position Mismatch.,Problem
GPS Position Mismatch.,Problem
GPS Position Mismatch.,Problem
GPS Position Mismatch.,Problem
GPS Position Mismatch.,Problem
GPS Position Mismatch.,Problem
GPS Position Mismatch.,Problem
GPS Position Mismatch.,Problem
GPS Position Mismatch.,Problem
GPS Position Mismatch.,Problem
GPS Position Mismatch.,Problem
GPS Position Mismatch.,Problem
GPS Position Mismatch.,Problem
GPS Position Mismatch.,Problem
GPS Position Mismatch.,Problem
Landing.,Normal
Data Recorder File Index is 57.,Normal
Home Point Updated.,Normal
Obstacle Sensing will be disabled when aircraft is landing. Fly with caution.,Problem
Maximum flight distance reached. Adjust the distance in MC Settings if required.,Problem
Weak signal. Avoid blocking the antennas and keep the antennas parallel to and facing toward the aircraft during flight.,Problem
High wind velocity. Ensure the aircraft remains within your line of sight and fly with caution.,Problem
Maximum flight distance reached. Adjust the distance in MC Settings if required.,Problem
High wind velocity. Ensure the aircraft remains within your line of sight and fly with caution.,Problem
Data Recorder File Index is 45.,Normal
Home Point Updated.,Normal
Obstacle Sensing will be disabled when aircraft is landing. Fly with caution.,Problem
Tap the screen to focus.,Normal
Downlink Lost.,Problem
Data Recorder File Index is 7.,Normal
Home Point Updated.,Normal
Home Point recorded. Return-to-Home Altitude : 98FT.,Normal
"To take off in non-P mode, toggle Flight Mode Switch to another mode and then toggle it back.",Normal
Switched to P (Positioning)-mode.,Normal
Switched to T (Tripod)-mode.,Normal
Switched to P (Positioning)-mode.,Normal
Switched to S (Sport)-mode.,Normal
Weak signal. Avoid blocking the antennas and keep the antennas parallel to and facing toward the aircraft during flight.,Problem
Intelligent Flight Modes have not been enabled. Enable this option in Main Controller Settings if needed.,Problem
Maximum flight distance reached. Adjust the distance in MC Settings if required.,Problem
Weak signal. Avoid blocking the antennas and keep the antennas parallel to and facing toward the aircraft during flight.,Problem
Home Point Recorded. RTH Altitude : 30m.,Normal
Max Flight Altitude Reached. Adjust in Main Controller Settings if necessary,Problem
Home Point Recorded. RTH Altitude : 30m.,Normal
Max Flight Distance Reached. Adjust in Main Controller Settings if necessary.,Problem
Mobile device version too old to support HD image transmission and the image transmission mode has been switch to normal mode.,Problem
Intelligent Flight Modes have not been enabled. Enable this option in Main Controller Settings if needed.,Problem
Home Point recorded. Return-to-Home Altitude : 98FT,Normal
Strong Remote Controller Interference.,Problem
Data Recorder File Index is 7.,Normal
Home Point Updated.,Normal
Home Point recorded. Return-to-Home Altitude : 98FT.,Normal
Downlink Restored (after 0m 1s).,Normal
Downlink Restored (after 0m 2.3s).,Normal
Downlink Restored (after 0m 1.1s).,Normal
Downlink Restored (after 0m 1.7s).,Normal
Downlink Restored (after 0m 2.9s).,Normal
Downlink Restored (after 0m 1s).,Normal
Downlink Restored (after 0m 1s).,Normal
Downlink Lost.,Problem
Downlink Lost.,Problem
Downlink Lost.,Problem
Downlink Lost.,Problem
Downlink Lost.,Problem
Downlink Lost.,Problem
Downlink Lost.,Problem
Downlink Lost.,Problem
Strong Remote Controller Interference.,Problem
Not Allowed to change Aircraft Mode. If needed,Problem
Not Allowed to change Aircraft Mode. If needed,Problem
Home Point Recorded. RTH Altitude : 30m.,Normal
Tap the screen lightly to focus.,Normal
Tap the screen lightly to focus.,Normal
Taking Off.,Normal
Aircraft is returning to the Home Point. RTH Altitude is 30m. You can reset the RTH Altitude in Remote Controller Settings after cancelling RTH if necessary.,Normal
Data Recorder File Index is 29.,Normal
Taking Off.,Normal
Home Point Updated.,Normal
Aircraft is returning to the Home Point. RTH Altitude is 30m. You can reset the RTH Altitude in Remote Controller Settings after cancelling RTH if necessary.,Normal
Home Point Recorded. RTH Altitude : 30m.,Normal
In Flight.,Normal
In Flight.,Normal
In Flight.,Normal
In Flight.,Normal
In Flight.,Normal
In Flight.,Normal
In Flight.,Normal
Obstacle Avoidance will be disabled in landing.,Normal
Home Point Recorded. RTH Altitude : 30m.,Normal
Home Point Recorded. RTH Altitude : 30m.,Normal
Max Flight Distance Reached. Adjust in Main Controller Settings if necessary.,Problem
Max Flight Distance Reached. Adjust in Main Controller Settings if necessary.,Problem
"Aircraft is in Attitude mode, so that it will not hover. Please fly with caution.",Problem
Home Point Recorded.,Normal
Taking Off.,Normal
Return-to-Home Altitude : 65FT,Normal
Home Point Recorded.,Normal
Large Wind Velocity. Fly with caution.,Problem
Landing.,Normal
SD card write speed is too slow. Not suitable for shooting a 4K video.,Problem
Maximum flight distance reached. Adjust the distance in MC Settings if required.,Problem
Weak signal. Avoid blocking the antennas and keep the antennas parallel to and facing toward the aircraft during flight.,Problem
High wind velocity. Ensure the aircraft remains within your line of sight and fly with caution.,Problem
Maximum flight distance reached. Adjust the distance in MC Settings if required.,Problem
Obstacle Sensing will be disabled when aircraft is landing. Fly with caution.,Problem
Backward Obstacle Sensing is not functioning.,Problem
Sensing system is blocked or too close to the obstacle.,Problem
Weak GPS signal. Aircraft is in Attitude mode and hovering may be unstable. Fly with caution.,Problem
Data Recorder File Index is 46.,Normal
RTH Altitude : 65FT.,Normal
Taking off.,Normal
Home Point Recorded.,Normal
Home Point Updated.,Normal
GPS Position Mismatch.,Problem
GPS Position Mismatch.,Problem
GPS Position Mismatch.,Problem
GPS Position Mismatch.,Problem
GPS Position Mismatch.,Problem
GPS Position Mismatch.,Problem
GPS Position Mismatch.,Problem
GPS Position Mismatch.,Problem
GPS Position Mismatch.,Problem
GPS Position Mismatch.,Problem
GPS Position Mismatch.,Problem
GPS Position Mismatch.,Problem
GPS Position Mismatch.,Problem
GPS Position Mismatch.,Problem
GPS Position Mismatch.,Problem
GPS Position Mismatch.,Problem
Large Wind Velocity.,Problem
GPS Position Mismatch.,Problem
GPS Position Mismatch.,Problem
GPS Position Mismatch.,Problem
GPS Position Mismatch.,Problem
GPS Position Mismatch.,Problem
GPS Position Mismatch.,Problem
GPS Position Mismatch.,Problem
GPS Position Mismatch.,Problem
GPS Position Mismatch.,Problem
GPS Position Mismatch.,Problem
GPS Position Mismatch.,Problem
GPS Position Mismatch.,Problem
GPS Position Mismatch.,Problem
GPS Position Mismatch.,Problem
GPS Position Mismatch.,Problem
GPS Position Mismatch.,Problem
GPS Position Mismatch.,Problem
GPS Position Mismatch.,Problem
GPS Position Mismatch.,Problem
GPS Position Mismatch.,Problem
GPS Position Mismatch.,Problem
GPS Position Mismatch.,Problem
GPS Position Mismatch.,Problem
GPS Position Mismatch.,Problem
GPS Position Mismatch.,Problem
GPS Position Mismatch.,Problem
GPS Position Mismatch.,Problem
GPS Position Mismatch.,Problem
GPS Position Mismatch.,Problem
GPS Position Mismatch.,Problem
GPS Position Mismatch.,Problem
GPS Position Mismatch.,Problem
GPS Position Mismatch.,Problem
GPS Position Mismatch.,Problem
GPS Position Mismatch.,Problem
Landing.,Normal
Data Recorder File Index is 57.,Normal
Home Point Updated.,Normal
Obstacle Sensing will be disabled when aircraft is landing. Fly with caution.,Problem
Maximum flight distance reached. Adjust the distance in MC Settings if required.,Problem
Weak signal. Avoid blocking the antennas and keep the antennas parallel to and facing toward the aircraft during flight.,Problem
High wind velocity. Ensure the aircraft remains within your line of sight and fly with caution.,Problem
Maximum flight distance reached. Adjust the distance in MC Settings if required.,Problem
High wind velocity. Ensure the aircraft remains within your line of sight and fly with caution.,Problem
Remote controller assisted takeoff initiated.,Normal
"To take off in non-P mode, toggle Flight Mode Switch to another mode and then toggle it back.",Normal
"To take off in non-P mode, toggle Flight Mode Switch to another mode and then toggle it back.",Normal
SD card write speed is too slow. Not suitable for shooting a 4K video.,Problem
"To take off in non-P mode, toggle Flight Mode Switch to another mode and then toggle it back.",Normal
SD card write speed is too slow. Not suitable for shooting a 4K video.,Problem
Remote controller assisted takeoff initiated.,Normal
Motor or propeller error. Check the motors and propellers.,Problem
Remote controller assisted takeoff initiated.,Normal
Home Point recorded. Return-to-Home Altitude : 98FT,Normal
High wind velocity. Fly with caution.,Problem
High wind velocity. Fly with caution.,Problem
High wind velocity. Fly with caution.,Problem
SD card write speed is too slow. Not suitable for shooting a 4K video.,Problem
High wind velocity. Fly with caution.,Problem
High wind velocity. Fly with caution.,Problem
High wind velocity. Fly with caution.,Problem
High wind velocity. Fly with caution.,Problem
Obstacle Sensing will be disabled when aircraft is landing. Fly with caution.,Problem
Data Recorder File Index is 12.,Normal
Home Point Updated.,Normal
Remote controller assisted takeoff initiated.,Normal
Data Recorder File Index is 15.,Normal
Remote controller assisted takeoff initiated.,Normal
Data Recorder File Index is 15.,Normal
Home Point Updated.,Normal
Home Point recorded. Return-to-Home Altitude : 98FT.,Normal
Remote controller assisted takeoff initiated.,Normal
SD card write speed is too slow. Not suitable for shooting a 4K video.,Problem
High wind velocity. Fly with caution.,Problem
High wind velocity. Fly with caution.,Problem
High wind velocity. Fly with caution.,Problem
High wind velocity. Fly with caution.,Problem
High wind velocity. Fly with caution.,Problem
High wind velocity. Fly with caution.,Problem
High wind velocity. Fly with caution.,Problem
Home Point Recorded. RTH Altitude : 30m.,Normal
Strong Interference to Aircraft. Signal interruption may be more likely. Fly with caution.,Problem
Strong Interference to Aircraft. Signal interruption may be more likely. Fly with caution.,Problem
Strong Interference to Aircraft. Signal interruption may be more likely. Fly with caution.,Problem
Strong Interference to Aircraft. Signal interruption may be more likely. Fly with caution.,Problem
Strong Interference to Aircraft. Signal interruption may be more likely. Fly with caution.,Problem
Fly with caution and ensure the aircraft remains within your line of sight.,Problem
The remaining battery is only enough for RTH. Return home now.,Problem
Obstacle Avoidance will be disabled in landing.,Normal
Home Point Recorded. RTH Altitude : 30m.,Normal
Home Point Recorded. RTH Altitude : 30m.,Normal
Fly with caution and ensure the aircraft remains within your line of sight.,Problem
Attitude is too large.,Problem
Attitude is too large.,Problem
Attitude is too large.,Problem
Fly with caution and ensure the aircraft remains within your line of sight.,Problem
Attitude is too large.,Problem
Attitude is too large.,Problem
Attitude is too large.,Problem
Attitude is too large.,Problem
Attitude is too large.,Problem
Attitude is too large.,Problem
High wind velocity. Fly with caution and land in a safe place ASAP.,Problem
Attitude is too large.,Problem
Attitude is too large.,Problem
Attitude is too large.,Problem
Attitude is too large.,Problem
Attitude is too large.,Problem
Attitude is too large.,Problem
Attitude is too large.,Problem
Attitude is too large.,Problem
Attitude is too large.,Problem
Attitude is too large.,Problem
Attitude is too large.,Problem
Attitude is too large.,Problem
Attitude is too large.,Problem
Attitude is too large.,Problem
Attitude is too large.,Problem
Fly with caution and ensure the aircraft remains within your line of sight.,Problem
Fly with caution and ensure the aircraft remains within your line of sight.,Problem
Attitude is too large.,Problem
Attitude is too large.,Problem
Attitude is too large.,Problem
Attitude is too large.,Problem
Attitude is too large.,Problem
Attitude is too large.,Problem
Fly with caution and ensure the aircraft remains within your line of sight.,Problem
Fly with caution and ensure the aircraft remains within your line of sight.,Problem
Obstacle Avoidance will be disabled in landing.,Normal
Satellite positioning off. Fly with Caution.,Problem
Satellite positioning off. Fly with Caution.,Problem
Satellite positioning off. Fly with Caution.,Problem
Satellite positioning off. Fly with Caution.,Problem
Taking Off.,Normal
Taking Off.,Normal
"Home Point Recorded, Return-to-Home Altitude : 98FT",Normal
"Home Point Recorded, Return-to-Home Altitude : 98FT",Normal
Tap the screen lightly to focus.,Normal
Tap the screen lightly to focus.,Normal
Ground Plain. Safe to Land.,Normal
Ground Plain. Safe to Land.,Normal
Aircraft is returning to the Home Point. Minimum RTH Altitude is 30m. You can reset the RTH Altitude in Remote Controller Settings after cancelling RTH if necessary.,Normal
Aircraft is returning to the Home Point. Minimum RTH Altitude is 30m. You can reset the RTH Altitude in Remote Controller Settings after cancelling RTH if necessary.,Normal
Descending. Exited Visual Avoidance System,Normal
Descending. Exited Visual Avoidance System,Normal
Precision Landing,Normal
Rectifying aircraft position,Normal
Precision Landing,Normal
Rectifying aircraft position,Normal
Data Recorder File Index is 7.,Normal
Taking off.,Normal
Home Point Recorded.,Normal
Return-to-Home Altitude : 98FT.,Normal
Tap the screen lightly to focus.,Normal
Tap the screen lightly to focus.,Normal
RTH : Preascending.,Normal
Aircraft is returning to the Home Point. Minimum RTH Altitude is 30m. You can reset the RTH Altitude in Remote Controller Settings after cancelling RTH if necessary.,Normal
RTH : Heading alignment.,Normal
RTH : Ascending to RTH altitude.,Normal
RTH : Cruise.,Normal
Exited Visual Avoidance System.,Normal
Precision Landing. Rectifying aircraft position.,Normal
Ground Plain. Safe to Land.,Normal
Ground Plain. Safe to Land.,Normal
Precision Landing. Rectifying aircraft position.,Normal
Taking Off.,Normal
Taking Off.,Normal
Home Point Recorded. RTH Altitude : 30m.,Normal
Tap the screen lightly to focus.,Normal
Max Flight Distance Reached. Adjust in Main Controller Settings if necessary.,Problem
Max Flight Distance Reached. Adjust in Main Controller Settings if necessary.,Problem
Max Flight Distance Reached. Adjust in Main Controller Settings if necessary.,Problem
Max Flight Distance Reached. Adjust in Main Controller Settings if necessary.,Problem
Landing.,Normal
Obstacle Avoidance will be disabled in landing.,Normal
Landing Canceled.,Normal
Max Flight Distance Reached. Adjust in Main Controller Settings if necessary.,Problem
Obstacle Avoidance will be disabled in landing.,Normal
Taking Off.,Normal
Taking Off.,Normal
Home Point Recorded. RTH Altitude : 30m.,Normal
Landing.,Normal
Obstacle Avoidance will be disabled in landing.,Normal
Ground Plain. Safe to Land.,Normal
Taking Off.,Normal
Taking Off.,Normal
Home Point Recorded. RTH Altitude : 30m.,Normal
Aircraft is returning to the Home Point. Minimum RTH Altitude is 98ft. You can reset the RTH Altitude in Remote Controller Settings after cancelling RTH.,Normal
Obstacle Avoidance will be disabled in landing.,Normal
Locating Landing Point,Normal
Landing Canceled.,Normal
Forward Obstacle Sensing not Responding,Problem
Obstacle Avoidance will be disabled in landing.,Normal
Taking Off.,Normal
Taking Off.,Normal
Home Point Recorded. RTH Altitude : 30m.,Normal
Tap the screen lightly to focus.,Normal
Max Flight Distance Reached. Adjust in Main Controller Settings if necessary.,Problem
Max Flight Distance Reached. Adjust in Main Controller Settings if necessary.,Problem
Max Flight Distance Reached. Adjust in Main Controller Settings if necessary.,Problem
Max Flight Distance Reached. Adjust in Main Controller Settings if necessary.,Problem
Landing.,Normal
Obstacle Avoidance will be disabled in landing.,Normal
Landing Canceled.,Normal
Max Flight Distance Reached. Adjust in Main Controller Settings if necessary.,Problem
Obstacle Avoidance will be disabled in landing.,Normal
Taking Off.,Normal
Taking Off.,Normal
Home Point Recorded. RTH Altitude : 30m.,Normal
Landing.,Normal
Obstacle Avoidance will be disabled in landing.,Normal
Ground Plain. Safe to Land.,Normal
Taking Off.,Normal
Taking Off.,Normal
Home Point Recorded. RTH Altitude : 30m.,Normal
Aircraft is returning to the Home Point. Minimum RTH Altitude is 98ft. You can reset the RTH Altitude in Remote Controller Settings after cancelling RTH.,Normal
Obstacle Avoidance will be disabled in landing.,Normal
Locating Landing Point,Normal
Landing Canceled.,Normal
Forward Obstacle Sensing not Responding,Problem
Obstacle Avoidance will be disabled in landing.,Normal
"Aircraft is in Attitude mode, so that it will not hover. Please fly with caution.",Problem
Home Point Recorded.,Normal
Home Point Recorded.,Normal
Return-to-Home Altitude : 65FT,Normal
Landing Gear Raising.,Normal
Landing Gear Raised.,Normal
Landing Gear Lowering.,Normal
Landing Gear Lowered.,Normal
Landing Gear Raising.,Normal
Landing Gear Paused.,Normal
"Aircraft is in Attitude mode, so that it will not hover. Please fly with caution.",Problem
Data Recorder File Index is 21.,Normal
Home Point Recorded.,Normal
Home Point Updated.,Normal
RTH Altitude : 65FT.,Normal
Landing Gear Raising.,Normal
Landing Gear Raised.,Normal
Downlink Lost.,Problem
Landing Gear Lowering.,Normal
Landing Gear Lowered.,Normal
Satellite positioning off. Fly with Caution.,Problem
Tap the screen lightly to focus.,Normal
Taking Off.,Normal
Strong Interference Now. Fly with caution.,Problem
Ground Plain. Safe to Land.,Normal
RTH : Cruise.,Normal
Taking off.,Normal
Strong Interference Now. Fly with caution.,Problem
Data Recorder File Index is 3.,Normal
Home Point Updated.,Normal
RTH : Preascending.,Normal
Aircraft is returning to the Home Point. Minimum RTH Altitude is 30m. You can reset the RTH Altitude in Remote Controller Settings after cancelling RTH if necessary.,Normal
RTH : Heading alignment.,Normal
RTH : Ascending to RTH altitude.,Normal
RTH : Cruise.,Normal
Exited Visual Avoidance System.,Normal
Precision Landing. Rectifying aircraft position.,Normal
Precision Landing. Rectifying aircraft position.,Normal
Precision Landing. Rectifying aircraft position.,Normal
Precision Landing. Rectifying aircraft position.,Normal
Precision Landing. Rectifying aircraft position.,Normal
Precision Landing. Rectifying aircraft position.,Normal
Precision Landing. Rectifying aircraft position.,Normal
Precision Landing. Rectifying aircraft position.,Normal
Precision Landing. Rectifying aircraft position.,Normal
Precision Landing. Rectifying aircraft position.,Normal
Precision Landing. Rectifying aircraft position.,Normal
Precision Landing. Rectifying aircraft position.,Normal
Precision Landing. Rectifying aircraft position.,Normal
Precision Landing. Rectifying aircraft position.,Normal
Precision Landing. Rectifying aircraft position.,Normal
Precision Landing. Rectifying aircraft position.,Normal
Precision Landing. Rectifying aircraft position.,Normal
Precision Landing. Rectifying aircraft position.,Normal
Precision Landing. Rectifying aircraft position.,Normal
Precision Landing. Rectifying aircraft position.,Normal
Precision Landing. Rectifying aircraft position.,Normal
Precision Landing. Rectifying aircraft position.,Normal
Ground Plain. Safe to Land.,Normal
Taking Off.,Normal
Taking Off.,Normal
Home Point Recorded. RTH Altitude : 30m.,Normal
Tap the screen lightly to focus.,Normal
In Flight.,Normal
In Flight.,Normal
Compass Redundancy Switch,Problem
Tap the screen lightly to focus.,Normal
Tap the screen lightly to focus.,Normal
Aircraft is returning to the Home Point. Minimum RTH Altitude is30m. You can reset the RTH Altitude in Remote Controller Settings after cancelling RTH.,Normal
Obstacle Avoidance will be disabled in landing.,Normal
Locating Landing Point,Normal
Ground Plain. Safe to Land.,Normal
"Aircraft is in Attitude mode, so that it will not hover. Please fly with caution.",Problem
Home Point Recorded.,Normal
Taking Off.,Normal
Return-to-Home Altitude : 65FT,Normal
Home Point Recorded.,Normal
Large Wind Velocity. Fly with caution.,Problem
Landing.,Normal
Weak GPS signal. Aircraft is in Attitude mode and hovering may be unstable. Fly with caution.,Problem
Tap the screen to focus.,Normal
Obstacle Sensing will be disabled when aircraft is landing. Fly with caution.,Problem
SD card write speed is too slow. Not suitable for shooting a 4K video.,Problem
Maximum flight distance reached. Adjust the distance in MC Settings if required.,Problem
Weak signal. Avoid blocking the antennas and keep the antennas parallel to and facing toward the aircraft during flight.,Problem
High wind velocity. Ensure the aircraft remains within your line of sight and fly with caution.,Problem
Maximum flight distance reached. Adjust the distance in MC Settings if required.,Problem
Obstacle Sensing will be disabled when aircraft is landing. Fly with caution.,Problem
Backward Obstacle Sensing is not functioning.,Problem
Sensing system is blocked or too close to the obstacle.,Problem
Weak GPS signal. Aircraft is in Attitude mode and hovering may be unstable. Fly with caution.,Problem
Data Recorder File Index is 46.,Normal
RTH Altitude : 65FT.,Normal
Taking off.,Normal
Home Point Recorded.,Normal
Home Point Updated.,Normal
GPS Position Mismatch.,Problem
GPS Position Mismatch.,Problem
GPS Position Mismatch.,Problem
GPS Position Mismatch.,Problem
GPS Position Mismatch.,Problem
GPS Position Mismatch.,Problem
GPS Position Mismatch.,Problem
GPS Position Mismatch.,Problem
GPS Position Mismatch.,Problem
GPS Position Mismatch.,Problem
GPS Position Mismatch.,Problem
GPS Position Mismatch.,Problem
GPS Position Mismatch.,Problem
GPS Position Mismatch.,Problem
GPS Position Mismatch.,Problem
GPS Position Mismatch.,Problem
Large Wind Velocity.,Problem
GPS Position Mismatch.,Problem
GPS Position Mismatch.,Problem
GPS Position Mismatch.,Problem
GPS Position Mismatch.,Problem
GPS Position Mismatch.,Problem
GPS Position Mismatch.,Problem
GPS Position Mismatch.,Problem
GPS Position Mismatch.,Problem
GPS Position Mismatch.,Problem
GPS Position Mismatch.,Problem
GPS Position Mismatch.,Problem
GPS Position Mismatch.,Problem
GPS Position Mismatch.,Problem
GPS Position Mismatch.,Problem
GPS Position Mismatch.,Problem
GPS Position Mismatch.,Problem
GPS Position Mismatch.,Problem
GPS Position Mismatch.,Problem
GPS Position Mismatch.,Problem
GPS Position Mismatch.,Problem
GPS Position Mismatch.,Problem
GPS Position Mismatch.,Problem
GPS Position Mismatch.,Problem
GPS Position Mismatch.,Problem
GPS Position Mismatch.,Problem
GPS Position Mismatch.,Problem
GPS Position Mismatch.,Problem
GPS Position Mismatch.,Problem
GPS Position Mismatch.,Problem
GPS Position Mismatch.,Problem
GPS Position Mismatch.,Problem
GPS Position Mismatch.,Problem
GPS Position Mismatch.,Problem
GPS Position Mismatch.,Problem
GPS Position Mismatch.,Problem
Landing.,Normal
Data Recorder File Index is 57.,Normal
Home Point Updated.,Normal
Obstacle Sensing will be disabled when aircraft is landing. Fly with caution.,Problem
Maximum flight distance reached. Adjust the distance in MC Settings if required.,Problem
Weak signal. Avoid blocking the antennas and keep the antennas parallel to and facing toward the aircraft during flight.,Problem
High wind velocity. Ensure the aircraft remains within your line of sight and fly with caution.,Problem
Maximum flight distance reached. Adjust the distance in MC Settings if required.,Problem
High wind velocity. Ensure the aircraft remains within your line of sight and fly with caution.,Problem
Data Recorder File Index is 45.,Normal
Home Point Updated.,Normal
Obstacle Sensing will be disabled when aircraft is landing. Fly with caution.,Problem
Tap the screen to focus.,Normal
Downlink Lost.,Problem
Forward Obstacle Sensing not Working.,Problem
Ambient Light too Weak,Problem
Satellite positioning off. Fly with Caution.,Problem
Satellite positioning off. Fly with Caution.,Problem
Satellite positioning off. Fly with Caution.,Problem
Satellite positioning off. Fly with Caution.,Problem
Satellite positioning off. Fly with Caution.,Problem
Taking Off.,Normal
"Home Point Recorded, Return-to-Home Altitude : 98FT",Normal
Tap the screen lightly to focus.,Normal
Tap the screen lightly to focus.,Normal
Tap the screen lightly to focus.,Normal
Aircraft is returning to the Home Point. Minimum RTH Altitude is 30m. You can reset the RTH Altitude in Remote Controller Settings after cancelling RTH if necessary.,Normal
Descending. Exited Visual Avoidance System,Normal
Ground Plain. Safe to Land.,Normal
Precision Landing,Normal
Rectifying aircraft position,Normal
Precision Landing,Normal
Rectifying aircraft position,Normal
Precision Landing,Normal
Rectifying aircraft position,Normal
Precision Landing,Normal
Rectifying aircraft position,Normal
Data Recorder File Index is 5.,Normal
Taking off.,Normal
Home Point Recorded.,Normal
Return-to-Home Altitude : 98FT.,Normal
Home Point Updated.,Normal
Tap the screen lightly to focus.,Normal
Tap the screen lightly to focus.,Normal
Tap the screen lightly to focus.,Normal
Aircraft is returning to the Home Point. Minimum RTH Altitude is 30m. You can reset the RTH Altitude in Remote Controller Settings after cancelling RTH if necessary.,Normal
RTH : Heading alignment.,Normal
RTH : Ascending to RTH altitude.,Normal
RTH : Cruise.,Normal
Exited Visual Avoidance System.,Normal
Precision Landing. Rectifying aircraft position.,Normal
Precision Landing. Rectifying aircraft position.,Normal
Precision Landing. Rectifying aircraft position.,Normal
Precision Landing. Rectifying aircraft position.,Normal
Precision Landing. Rectifying aircraft position.,Normal
Precision Landing. Rectifying aircraft position.,Normal
Precision Landing. Rectifying aircraft position.,Normal
Precision Landing. Rectifying aircraft position.,Normal
Precision Landing. Rectifying aircraft position.,Normal
Precision Landing. Rectifying aircraft position.,Normal
Ground Plain. Safe to Land.,Normal
Precision Landing. Rectifying aircraft position.,Normal
Taking Off.,Normal
Taking Off.,Normal
Home Point Recorded. RTH Altitude : 30m.,Normal
Tap the screen lightly to focus.,Normal
Obstacle Avoided. Revise Flight Route,Problem
Obstacle Avoidance will be disabled in landing.,Normal
